gene_a	gene_b	weight	abs_weight	edge_type
KIF18B	CKAP2L	0.85208	0.85208	positive
KIF18B	NUF2	0.824231	0.824231	positive
KIF18B	TTK	0.85022	0.85022	positive
KIF18B	TROAP	0.899819	0.899819	positive
KIF18B	ANLN	0.816973	0.816973	positive
KIF18B	AURKA	0.794712	0.794712	positive
KIF18B	BUB1	0.864072	0.864072	positive
KIF18B	BUB1B	0.883008	0.883008	positive
KIF18B	CDC20	0.870772	0.870772	positive
KIF18B	CDC45	0.85257	0.85257	positive
KIF18B	CDC6	0.868132	0.868132	positive
KIF18B	CDT1	0.819241	0.819241	positive
KIF18B	CENPF	0.858154	0.858154	positive
KIF18B	DLGAP5	0.844011	0.844011	positive
KIF18B	HJURP	0.894663	0.894663	positive
KIF18B	HMMR	0.72073	0.72073	positive
KIF18B	KIF2C	0.900294	0.900294	positive
KIF18B	KIF4A	0.90332	0.90332	positive
KIF18B	MELK	0.862154	0.862154	positive
KIF18B	MYBL2	0.88232	0.88232	positive
KIF18B	NCAPG	0.867547	0.867547	positive
KIF18B	NCAPH	0.894283	0.894283	positive
KIF18B	NDC80	0.851974	0.851974	positive
KIF18B	PKMYT1	0.855571	0.855571	positive
KIF18B	RAD54L	0.907471	0.907471	positive
KIF18B	SKA3	0.836279	0.836279	positive
KIF18B	UHRF1	0.86546	0.86546	positive
HLF	DPP4	0.612557	0.612557	positive
HLF	HOXD1	0.621603	0.621603	positive
HLF	LRRK2	0.636739	0.636739	positive
HLF	SFTPA2	0.60052	0.60052	positive
THBS2	COL15A1	0.772377	0.772377	positive
THBS2	FNDC1	0.796495	0.796495	positive
THBS2	ITGA11	0.897774	0.897774	positive
THBS2	LRRC15	0.814118	0.814118	positive
THBS2	CILP	0.669243	0.669243	positive
THBS2	COL5A3	0.648212	0.648212	positive
THBS2	MMP11	0.682861	0.682861	positive
THBS2	SFRP2	0.755138	0.755138	positive
CDC6	CKAP2L	0.869347	0.869347	positive
CDC6	NUF2	0.82085	0.82085	positive
CDC6	TTK	0.876346	0.876346	positive
CDC6	TROAP	0.800496	0.800496	positive
CDC6	ANLN	0.848145	0.848145	positive
CDC6	AURKA	0.79053	0.79053	positive
CDC6	BUB1	0.869975	0.869975	positive
CDC6	BUB1B	0.887081	0.887081	positive
CDC6	CDC20	0.843717	0.843717	positive
CDC6	CDC45	0.873671	0.873671	positive
CDC6	CDT1	0.799867	0.799867	positive
CDC6	CENPF	0.765959	0.765959	positive
CDC6	DLGAP5	0.856164	0.856164	positive
CDC6	HJURP	0.859808	0.859808	positive
CDC6	HMMR	0.77534	0.77534	positive
CDC6	KIF2C	0.872854	0.872854	positive
CDC6	KIF4A	0.884906	0.884906	positive
CDC6	MELK	0.868153	0.868153	positive
CDC6	MYBL2	0.843409	0.843409	positive
CDC6	NCAPG	0.870889	0.870889	positive
CDC6	NCAPH	0.883888	0.883888	positive
CDC6	NDC80	0.85238	0.85238	positive
CDC6	PKMYT1	0.781422	0.781422	positive
CDC6	RAD54L	0.864568	0.864568	positive
CDC6	SKA3	0.861556	0.861556	positive
CDC6	UHRF1	0.830187	0.830187	positive
TTK	CKAP2L	0.913032	0.913032	positive
TTK	NUF2	0.88357	0.88357	positive
TTK	ANLN	0.848296	0.848296	positive
TTK	AURKA	0.829144	0.829144	positive
TTK	BUB1	0.917029	0.917029	positive
TTK	BUB1B	0.886904	0.886904	positive
TTK	CDC20	0.884451	0.884451	positive
TTK	CDC45	0.857929	0.857929	positive
TTK	CDT1	0.7632	0.7632	positive
TTK	CENPF	0.795899	0.795899	positive
TTK	DLGAP5	0.904141	0.904141	positive
TTK	HJURP	0.898443	0.898443	positive
TTK	HMMR	0.826917	0.826917	positive
TTK	KIF2C	0.909105	0.909105	positive
TTK	KIF4A	0.905297	0.905297	positive
TTK	MELK	0.900624	0.900624	positive
TTK	MYBL2	0.852762	0.852762	positive
TTK	NCAPG	0.903283	0.903283	positive
TTK	NCAPH	0.913055	0.913055	positive
TTK	NDC80	0.897963	0.897963	positive
TTK	PKMYT1	0.748792	0.748792	positive
TTK	RAD54L	0.870825	0.870825	positive
TTK	SKA3	0.883389	0.883389	positive
TTK	SUSD2	-0.626085	0.626085	negative
TTK	TROAP	0.838487	0.838487	positive
TTK	UHRF1	0.77943	0.77943	positive
NCAPG	CKAP2L	0.899714	0.899714	positive
NCAPG	NUF2	0.888043	0.888043	positive
NCAPG	TROAP	0.852112	0.852112	positive
NCAPG	ANLN	0.841985	0.841985	positive
NCAPG	AURKA	0.846125	0.846125	positive
NCAPG	BUB1	0.911902	0.911902	positive
NCAPG	BUB1B	0.910152	0.910152	positive
NCAPG	CDC20	0.893473	0.893473	positive
NCAPG	CDC45	0.858757	0.858757	positive
NCAPG	CDT1	0.784166	0.784166	positive
NCAPG	CENPF	0.833296	0.833296	positive
NCAPG	DLGAP5	0.917507	0.917507	positive
NCAPG	HJURP	0.912624	0.912624	positive
NCAPG	HMMR	0.854985	0.854985	positive
NCAPG	KIF2C	0.914612	0.914612	positive
NCAPG	KIF4A	0.917648	0.917648	positive
NCAPG	MELK	0.898393	0.898393	positive
NCAPG	MYBL2	0.857154	0.857154	positive
NCAPG	NCAPH	0.915496	0.915496	positive
NCAPG	NDC80	0.915734	0.915734	positive
NCAPG	PKMYT1	0.757699	0.757699	positive
NCAPG	RAD54L	0.872827	0.872827	positive
NCAPG	SKA3	0.895554	0.895554	positive
NCAPG	SUSD2	-0.662219	0.662219	negative
NCAPG	UHRF1	0.821427	0.821427	positive
CCL13	ALOX5AP	0.648915	0.648915	positive
IFI44L	IFIT1	0.81638	0.81638	positive
SFRP2	COL15A1	0.639485	0.639485	positive
SFRP2	FNDC1	0.615955	0.615955	positive
SFRP2	ITGA11	0.683109	0.683109	positive
SFRP2	LRRC15	0.759129	0.759129	positive
SFRP2	CILP	0.696762	0.696762	positive
SFRP2	COL5A3	0.63031	0.63031	positive
KIF2C	CKAP2L	0.895907	0.895907	positive
KIF2C	NUF2	0.884181	0.884181	positive
KIF2C	TROAP	0.880756	0.880756	positive
KIF2C	ANLN	0.867397	0.867397	positive
KIF2C	AURKA	0.827794	0.827794	positive
KIF2C	BUB1	0.902871	0.902871	positive
KIF2C	BUB1B	0.898266	0.898266	positive
KIF2C	CDC20	0.948296	0.948296	positive
KIF2C	CDC45	0.867531	0.867531	positive
KIF2C	CDT1	0.813351	0.813351	positive
KIF2C	CENPF	0.843494	0.843494	positive
KIF2C	DLGAP5	0.906758	0.906758	positive
KIF2C	HJURP	0.914045	0.914045	positive
KIF2C	HMMR	0.807141	0.807141	positive
KIF2C	KIF4A	0.924013	0.924013	positive
KIF2C	MELK	0.888897	0.888897	positive
KIF2C	MYBL2	0.90017	0.90017	positive
KIF2C	NCAPH	0.914134	0.914134	positive
KIF2C	NDC80	0.909992	0.909992	positive
KIF2C	PKMYT1	0.81433	0.81433	positive
KIF2C	RAD54L	0.91714	0.91714	positive
KIF2C	SKA3	0.88903	0.88903	positive
KIF2C	SUSD2	-0.619206	0.619206	negative
KIF2C	UHRF1	0.832977	0.832977	positive
MYH11	PRELP	0.776609	0.776609	positive
CKAP2L	ANLN	0.881192	0.881192	positive
CKAP2L	AURKA	0.80414	0.80414	positive
CKAP2L	BUB1	0.941585	0.941585	positive
CKAP2L	BUB1B	0.887177	0.887177	positive
CKAP2L	CDC20	0.860073	0.860073	positive
CKAP2L	CDC45	0.821871	0.821871	positive
CKAP2L	CDT1	0.736086	0.736086	positive
CKAP2L	CENPF	0.821138	0.821138	positive
CKAP2L	DLGAP5	0.916957	0.916957	positive
CKAP2L	HJURP	0.899182	0.899182	positive
CKAP2L	HMMR	0.826133	0.826133	positive
CKAP2L	KIF4A	0.911556	0.911556	positive
CKAP2L	MELK	0.891169	0.891169	positive
CKAP2L	MYBL2	0.836875	0.836875	positive
CKAP2L	NCAPH	0.924446	0.924446	positive
CKAP2L	NDC80	0.8774	0.8774	positive
CKAP2L	NUF2	0.85641	0.85641	positive
CKAP2L	PKMYT1	0.734583	0.734583	positive
CKAP2L	RAD54L	0.844424	0.844424	positive
CKAP2L	SKA3	0.872391	0.872391	positive
CKAP2L	SUSD2	-0.614128	0.614128	negative
CKAP2L	TROAP	0.798153	0.798153	positive
CKAP2L	UHRF1	0.803639	0.803639	positive
CXCL10	IDO1	0.645213	0.645213	positive
UHRF1	NUF2	0.737758	0.737758	positive
UHRF1	TROAP	0.776407	0.776407	positive
UHRF1	ANLN	0.802193	0.802193	positive
UHRF1	AURKA	0.708264	0.708264	positive
UHRF1	BUB1	0.800272	0.800272	positive
UHRF1	BUB1B	0.840125	0.840125	positive
UHRF1	CDC20	0.803592	0.803592	positive
UHRF1	CDC45	0.807694	0.807694	positive
UHRF1	CDT1	0.811364	0.811364	positive
UHRF1	CENPF	0.821305	0.821305	positive
UHRF1	DLGAP5	0.808797	0.808797	positive
UHRF1	HJURP	0.820981	0.820981	positive
UHRF1	HMMR	0.676813	0.676813	positive
UHRF1	KIF4A	0.854621	0.854621	positive
UHRF1	MELK	0.815582	0.815582	positive
UHRF1	MYBL2	0.832913	0.832913	positive
UHRF1	NCAPH	0.827525	0.827525	positive
UHRF1	NDC80	0.806476	0.806476	positive
UHRF1	PKMYT1	0.825918	0.825918	positive
UHRF1	RAD54L	0.838797	0.838797	positive
UHRF1	SKA3	0.791909	0.791909	positive
BUB1	NUF2	0.880658	0.880658	positive
BUB1	TROAP	0.845536	0.845536	positive
BUB1	ANLN	0.855039	0.855039	positive
BUB1	AURKA	0.830518	0.830518	positive
BUB1	BUB1B	0.897272	0.897272	positive
BUB1	CDC20	0.883248	0.883248	positive
BUB1	CDC45	0.856883	0.856883	positive
BUB1	CDT1	0.765283	0.765283	positive
BUB1	CENPF	0.804563	0.804563	positive
BUB1	DLGAP5	0.912289	0.912289	positive
BUB1	HJURP	0.908434	0.908434	positive
BUB1	HMMR	0.828881	0.828881	positive
BUB1	KIF4A	0.913393	0.913393	positive
BUB1	MELK	0.89553	0.89553	positive
BUB1	MYBL2	0.855873	0.855873	positive
BUB1	NCAPH	0.936453	0.936453	positive
BUB1	NDC80	0.885745	0.885745	positive
BUB1	PKMYT1	0.760695	0.760695	positive
BUB1	RAD54L	0.876465	0.876465	positive
BUB1	SKA3	0.878863	0.878863	positive
BUB1	SUSD2	-0.610268	0.610268	negative
ITGA11	COL15A1	0.708537	0.708537	positive
ITGA11	FNDC1	0.780499	0.780499	positive
ITGA11	CILP	0.622021	0.622021	positive
ITGA11	COL5A3	0.623162	0.623162	positive
ITGA11	LRRC15	0.813851	0.813851	positive
ITGA11	MMP11	0.729254	0.729254	positive
NUF2	ANLN	0.768998	0.768998	positive
NUF2	AURKA	0.845474	0.845474	positive
NUF2	BUB1B	0.856018	0.856018	positive
NUF2	CDC20	0.889268	0.889268	positive
NUF2	CDC45	0.848338	0.848338	positive
NUF2	CDT1	0.749803	0.749803	positive
NUF2	CENPF	0.789207	0.789207	positive
NUF2	DLGAP5	0.883184	0.883184	positive
NUF2	HJURP	0.888264	0.888264	positive
NUF2	HMMR	0.833821	0.833821	positive
NUF2	KIF4A	0.862612	0.862612	positive
NUF2	MELK	0.866684	0.866684	positive
NUF2	MYBL2	0.850709	0.850709	positive
NUF2	NCAPH	0.873372	0.873372	positive
NUF2	NDC80	0.877279	0.877279	positive
NUF2	PKMYT1	0.751706	0.751706	positive
NUF2	RAD54L	0.823471	0.823471	positive
NUF2	SKA3	0.876168	0.876168	positive
NUF2	SUSD2	-0.618364	0.618364	negative
NUF2	TROAP	0.875272	0.875272	positive
SKA3	TROAP	0.838732	0.838732	positive
SKA3	ANLN	0.828357	0.828357	positive
SKA3	AURKA	0.80833	0.80833	positive
SKA3	BUB1B	0.886449	0.886449	positive
SKA3	CDC20	0.885145	0.885145	positive
SKA3	CDC45	0.856231	0.856231	positive
SKA3	CDT1	0.78253	0.78253	positive
SKA3	CENPF	0.782199	0.782199	positive
SKA3	DLGAP5	0.8895	0.8895	positive
SKA3	HJURP	0.903515	0.903515	positive
SKA3	HMMR	0.810268	0.810268	positive
SKA3	KIF4A	0.880471	0.880471	positive
SKA3	MELK	0.872578	0.872578	positive
SKA3	MYBL2	0.865377	0.865377	positive
SKA3	NCAPH	0.884866	0.884866	positive
SKA3	NDC80	0.874063	0.874063	positive
SKA3	PKMYT1	0.783007	0.783007	positive
SKA3	RAD54L	0.838555	0.838555	positive
SKA3	SUSD2	-0.655342	0.655342	negative
SLC46A2	SFTPA2	0.622808	0.622808	positive
SLC46A2	SFTPB	0.670374	0.670374	positive
EMCN	MMRN1	0.630786	0.630786	positive
ALOX5AP	OLR1	0.729219	0.729219	positive
FNDC1	COL15A1	0.715962	0.715962	positive
FNDC1	COL5A3	0.614925	0.614925	positive
FNDC1	LRRC15	0.684721	0.684721	positive
ATF3	FOSB	0.72483	0.72483	positive
CDT1	TROAP	0.811786	0.811786	positive
CDT1	ANLN	0.713975	0.713975	positive
CDT1	AURKA	0.719188	0.719188	positive
CDT1	BUB1B	0.791679	0.791679	positive
CDT1	CDC20	0.819663	0.819663	positive
CDT1	CDC45	0.806877	0.806877	positive
CDT1	CENPF	0.717172	0.717172	positive
CDT1	DLGAP5	0.756874	0.756874	positive
CDT1	HJURP	0.800777	0.800777	positive
CDT1	HMMR	0.707557	0.707557	positive
CDT1	KIF4A	0.790831	0.790831	positive
CDT1	MELK	0.778084	0.778084	positive
CDT1	MYBL2	0.81854	0.81854	positive
CDT1	NCAPH	0.783426	0.783426	positive
CDT1	NDC80	0.755414	0.755414	positive
CDT1	PKMYT1	0.865622	0.865622	positive
CDT1	RAD54L	0.82	0.82	positive
HJURP	TROAP	0.892833	0.892833	positive
HJURP	ANLN	0.834868	0.834868	positive
HJURP	AURKA	0.841897	0.841897	positive
HJURP	BUB1B	0.900707	0.900707	positive
HJURP	CDC20	0.905583	0.905583	positive
HJURP	CDC45	0.872547	0.872547	positive
HJURP	CENPF	0.825855	0.825855	positive
HJURP	DLGAP5	0.907447	0.907447	positive
HJURP	HMMR	0.801519	0.801519	positive
HJURP	KIF4A	0.898859	0.898859	positive
HJURP	MELK	0.888024	0.888024	positive
HJURP	MYBL2	0.890388	0.890388	positive
HJURP	NCAPH	0.910122	0.910122	positive
HJURP	NDC80	0.896779	0.896779	positive
HJURP	PKMYT1	0.806427	0.806427	positive
HJURP	RAD54L	0.873353	0.873353	positive
HJURP	SUSD2	-0.659811	0.659811	negative
DERL3	POU2AF1	0.764374	0.764374	positive
HLA-DQB2	HLA-DRB5	0.602884	0.602884	positive
MMP11	LRRC15	0.638838	0.638838	positive
DLGAP5	TROAP	0.821641	0.821641	positive
DLGAP5	ANLN	0.864235	0.864235	positive
DLGAP5	AURKA	0.819569	0.819569	positive
DLGAP5	BUB1B	0.89305	0.89305	positive
DLGAP5	CDC20	0.890054	0.890054	positive
DLGAP5	CDC45	0.836418	0.836418	positive
DLGAP5	CENPF	0.829737	0.829737	positive
DLGAP5	HMMR	0.837386	0.837386	positive
DLGAP5	KIF4A	0.912937	0.912937	positive
DLGAP5	MELK	0.897924	0.897924	positive
DLGAP5	MYBL2	0.85645	0.85645	positive
DLGAP5	NCAPH	0.909299	0.909299	positive
DLGAP5	NDC80	0.905544	0.905544	positive
DLGAP5	PKMYT1	0.748096	0.748096	positive
DLGAP5	RAD54L	0.850583	0.850583	positive
DLGAP5	SUSD2	-0.625676	0.625676	negative
HMMR	TROAP	0.732403	0.732403	positive
HMMR	ANLN	0.78341	0.78341	positive
HMMR	AURKA	0.768837	0.768837	positive
HMMR	BUB1B	0.790292	0.790292	positive
HMMR	CDC20	0.805927	0.805927	positive
HMMR	CDC45	0.758948	0.758948	positive
HMMR	CENPF	0.694574	0.694574	positive
HMMR	KIF4A	0.821265	0.821265	positive
HMMR	MELK	0.811132	0.811132	positive
HMMR	MYBL2	0.741492	0.741492	positive
HMMR	NCAPH	0.791946	0.791946	positive
HMMR	NDC80	0.81035	0.81035	positive
HMMR	PKMYT1	0.669357	0.669357	positive
HMMR	RAD54L	0.755412	0.755412	positive
KIF4A	TROAP	0.845275	0.845275	positive
KIF4A	ANLN	0.889577	0.889577	positive
KIF4A	AURKA	0.821125	0.821125	positive
KIF4A	BUB1B	0.91346	0.91346	positive
KIF4A	CDC20	0.892203	0.892203	positive
KIF4A	CDC45	0.856181	0.856181	positive
KIF4A	CENPF	0.874288	0.874288	positive
KIF4A	MELK	0.903117	0.903117	positive
KIF4A	MYBL2	0.880347	0.880347	positive
KIF4A	NCAPH	0.914964	0.914964	positive
KIF4A	NDC80	0.894807	0.894807	positive
KIF4A	PKMYT1	0.809346	0.809346	positive
KIF4A	RAD54L	0.897061	0.897061	positive
KIF4A	SUSD2	-0.631824	0.631824	negative
HOXD1	DPP4	0.625567	0.625567	positive
NDC80	TROAP	0.836968	0.836968	positive
NDC80	ANLN	0.831842	0.831842	positive
NDC80	AURKA	0.815492	0.815492	positive
NDC80	BUB1B	0.888261	0.888261	positive
NDC80	CDC20	0.882341	0.882341	positive
NDC80	CDC45	0.849722	0.849722	positive
NDC80	CENPF	0.82345	0.82345	positive
NDC80	MELK	0.892427	0.892427	positive
NDC80	MYBL2	0.850306	0.850306	positive
NDC80	NCAPH	0.896381	0.896381	positive
NDC80	PKMYT1	0.756744	0.756744	positive
NDC80	RAD54L	0.856544	0.856544	positive
NDC80	SUSD2	-0.638636	0.638636	negative
AKR1C2	SLC7A11	0.624484	0.624484	positive
SFTPA2	LRRK2	0.730245	0.730245	positive
SFTPA2	SFTPB	0.698693	0.698693	positive
COL5A3	COL15A1	0.749406	0.749406	positive
COL5A3	LRRC15	0.650531	0.650531	positive
CENPF	TROAP	0.771609	0.771609	positive
CENPF	ANLN	0.788801	0.788801	positive
CENPF	AURKA	0.748091	0.748091	positive
CENPF	BUB1B	0.85156	0.85156	positive
CENPF	CDC20	0.787879	0.787879	positive
CENPF	CDC45	0.72405	0.72405	positive
CENPF	MELK	0.796829	0.796829	positive
CENPF	MYBL2	0.790886	0.790886	positive
CENPF	NCAPH	0.836107	0.836107	positive
CENPF	PKMYT1	0.713057	0.713057	positive
CENPF	RAD54L	0.804727	0.804727	positive
COL15A1	LRRC15	0.697963	0.697963	positive
SUSD2	LRRK2	0.606783	0.606783	positive
SUSD2	TROAP	-0.630623	0.630623	negative
SUSD2	AURKA	-0.608443	0.608443	negative
SUSD2	BUB1B	-0.652008	0.652008	negative
SUSD2	CDC20	-0.601588	0.601588	negative
SUSD2	MELK	-0.621131	0.621131	negative
SUSD2	NCAPH	-0.618852	0.618852	negative
AURKA	TROAP	0.82421	0.82421	positive
AURKA	ANLN	0.740185	0.740185	positive
AURKA	BUB1B	0.81527	0.81527	positive
AURKA	CDC20	0.83299	0.83299	positive
AURKA	CDC45	0.785579	0.785579	positive
AURKA	MELK	0.803623	0.803623	positive
AURKA	MYBL2	0.802385	0.802385	positive
AURKA	NCAPH	0.818737	0.818737	positive
AURKA	PKMYT1	0.700704	0.700704	positive
AURKA	RAD54L	0.789584	0.789584	positive
ANLN	TROAP	0.747089	0.747089	positive
ANLN	BUB1B	0.849073	0.849073	positive
ANLN	CDC20	0.834801	0.834801	positive
ANLN	CDC45	0.795816	0.795816	positive
ANLN	MELK	0.841976	0.841976	positive
ANLN	MYBL2	0.78207	0.78207	positive
ANLN	NCAPH	0.857505	0.857505	positive
ANLN	PKMYT1	0.738478	0.738478	positive
ANLN	RAD54L	0.805252	0.805252	positive
MELK	TROAP	0.826874	0.826874	positive
MELK	BUB1B	0.87601	0.87601	positive
MELK	CDC20	0.876374	0.876374	positive
MELK	CDC45	0.844027	0.844027	positive
MELK	MYBL2	0.863934	0.863934	positive
MELK	NCAPH	0.889482	0.889482	positive
MELK	PKMYT1	0.784984	0.784984	positive
MELK	RAD54L	0.870205	0.870205	positive
MYBL2	TROAP	0.877243	0.877243	positive
MYBL2	BUB1B	0.852206	0.852206	positive
MYBL2	CDC20	0.896022	0.896022	positive
MYBL2	CDC45	0.865871	0.865871	positive
MYBL2	NCAPH	0.889523	0.889523	positive
MYBL2	PKMYT1	0.858572	0.858572	positive
MYBL2	RAD54L	0.873821	0.873821	positive
CDC20	TROAP	0.890821	0.890821	positive
CDC20	BUB1B	0.868749	0.868749	positive
CDC20	CDC45	0.875324	0.875324	positive
CDC20	NCAPH	0.887602	0.887602	positive
CDC20	PKMYT1	0.830204	0.830204	positive
CDC20	RAD54L	0.891918	0.891918	positive
TROAP	BUB1B	0.834843	0.834843	positive
TROAP	CDC45	0.868073	0.868073	positive
TROAP	NCAPH	0.857871	0.857871	positive
TROAP	PKMYT1	0.825174	0.825174	positive
TROAP	RAD54L	0.869811	0.869811	positive
LRRC15	CILP	0.779074	0.779074	positive
RAD54L	BUB1B	0.868268	0.868268	positive
RAD54L	CDC45	0.872664	0.872664	positive
RAD54L	NCAPH	0.876656	0.876656	positive
RAD54L	PKMYT1	0.83359	0.83359	positive
PKMYT1	BUB1B	0.78307	0.78307	positive
PKMYT1	CDC45	0.821948	0.821948	positive
PKMYT1	NCAPH	0.789364	0.789364	positive
CDC45	BUB1B	0.862027	0.862027	positive
CDC45	NCAPH	0.867716	0.867716	positive
BUB1B	NCAPH	0.909943	0.909943	positive
