a,b,metric,estimate_a,estimate_b,diff,ci_low,ci_high,p_value,n_boot
g_full_model,c_expression_only,auroc,0.9384143420349952,0.9366605605817862,0.0017537814532090357,-0.0003034660376024678,0.004041501743473774,0.10989010989010989,1000
g_full_model,c_expression_only,auprc,0.3598665307694703,0.3488414256629088,0.011025105106561461,-0.009568381778417337,0.03232369996029767,0.3036963036963037,1000
g_full_model,c_expression_only,average_precision,0.3611778031439878,0.3502951416693217,0.0108826614746661,-0.009884449557415378,0.031741580599938084,0.3016983016983017,1000
g_full_model,c_expression_only,precision_at_10,0.8,0.5,0.30000000000000004,-0.10000000000000009,0.6,0.3436563436563437,1000
g_full_model,c_expression_only,recall_at_10,0.018518518518518517,0.011574074074074073,0.006944444444444444,-0.0023148148148148147,0.013888888888888888,0.3436563436563437,1000
g_full_model,c_expression_only,ef_at_10,22.633333333333336,14.145833333333334,8.487500000000002,-2.8291666666666693,16.975,0.3436563436563437,1000
g_full_model,c_expression_only,precision_at_50,0.58,0.56,0.019999999999999907,-0.08000000000000007,0.1604999999999996,0.6093906093906094,1000
g_full_model,c_expression_only,recall_at_50,0.06712962962962964,0.06481481481481481,0.002314814814814825,-0.009259259259259266,0.01857638888888884,0.6093906093906094,1000
g_full_model,c_expression_only,ef_at_50,16.409166666666668,15.843333333333335,0.5658333333333321,-2.2633333333333354,4.54081249999999,0.6093906093906094,1000
g_full_model,c_expression_only,precision_at_100,0.56,0.53,0.030000000000000027,-0.05999999999999994,0.10024999999999981,0.6733266733266733,1000
g_full_model,c_expression_only,recall_at_100,0.12962962962962962,0.12268518518518519,0.006944444444444434,-0.013888888888888881,0.023206018518518483,0.6733266733266733,1000
g_full_model,c_expression_only,ef_at_100,15.843333333333335,14.994583333333335,0.8487500000000008,-1.697499999999998,2.836239583333328,0.6733266733266733,1000
e_expression_plus_network,c_expression_only,auroc,0.9384143420349952,0.9366605605817862,0.0017537814532090357,-0.0003034660376024678,0.004041501743473774,0.10989010989010989,1000
e_expression_plus_network,c_expression_only,auprc,0.3598665307694703,0.3488414256629088,0.011025105106561461,-0.009568381778417337,0.03232369996029767,0.3036963036963037,1000
e_expression_plus_network,c_expression_only,average_precision,0.3611778031439878,0.3502951416693217,0.0108826614746661,-0.009884449557415378,0.031741580599938084,0.3016983016983017,1000
e_expression_plus_network,c_expression_only,precision_at_10,0.8,0.5,0.30000000000000004,-0.10000000000000009,0.6,0.3436563436563437,1000
e_expression_plus_network,c_expression_only,recall_at_10,0.018518518518518517,0.011574074074074073,0.006944444444444444,-0.0023148148148148147,0.013888888888888888,0.3436563436563437,1000
e_expression_plus_network,c_expression_only,ef_at_10,22.633333333333336,14.145833333333334,8.487500000000002,-2.8291666666666693,16.975,0.3436563436563437,1000
e_expression_plus_network,c_expression_only,precision_at_50,0.58,0.56,0.019999999999999907,-0.08000000000000007,0.1604999999999996,0.6093906093906094,1000
e_expression_plus_network,c_expression_only,recall_at_50,0.06712962962962964,0.06481481481481481,0.002314814814814825,-0.009259259259259266,0.01857638888888884,0.6093906093906094,1000
e_expression_plus_network,c_expression_only,ef_at_50,16.409166666666668,15.843333333333335,0.5658333333333321,-2.2633333333333354,4.54081249999999,0.6093906093906094,1000
e_expression_plus_network,c_expression_only,precision_at_100,0.56,0.53,0.030000000000000027,-0.05999999999999994,0.10024999999999981,0.6733266733266733,1000
e_expression_plus_network,c_expression_only,recall_at_100,0.12962962962962962,0.12268518518518519,0.006944444444444434,-0.013888888888888881,0.023206018518518483,0.6733266733266733,1000
e_expression_plus_network,c_expression_only,ef_at_100,15.843333333333335,14.994583333333335,0.8487500000000008,-1.697499999999998,2.836239583333328,0.6733266733266733,1000
g_full_model,a_abs_log2fc,auroc,0.9384143420349952,0.8234212531021268,0.11499308893286841,0.09514012335862163,0.135110719418528,0.001998001998001998,1000
g_full_model,a_abs_log2fc,auprc,0.3598665307694703,0.20223122250082437,0.1576353082686459,0.11192537821273232,0.2030131726772666,0.001998001998001998,1000
g_full_model,a_abs_log2fc,average_precision,0.3611778031439878,0.20427848405531893,0.15689931908866886,0.11130678541178081,0.2015348188509055,0.001998001998001998,1000
g_full_model,a_abs_log2fc,precision_at_10,0.8,0.3,0.5,0.0,0.8,0.10589410589410589,1000
g_full_model,a_abs_log2fc,recall_at_10,0.018518518518518517,0.006944444444444444,0.011574074074074073,0.0,0.018518518518518517,0.10589410589410589,1000
g_full_model,a_abs_log2fc,ef_at_10,22.633333333333336,8.4875,14.145833333333336,0.0,22.633333333333333,0.10589410589410589,1000
g_full_model,a_abs_log2fc,precision_at_50,0.58,0.32,0.25999999999999995,0.06,0.46,0.017982017982017984,1000
g_full_model,a_abs_log2fc,recall_at_50,0.06712962962962964,0.037037037037037035,0.0300925925925926,0.0069444444444444475,0.05324074074074074,0.017982017982017984,1000
g_full_model,a_abs_log2fc,ef_at_50,16.409166666666668,9.053333333333335,7.355833333333333,1.6974999999999998,13.014166666666668,0.017982017982017984,1000
g_full_model,a_abs_log2fc,precision_at_100,0.56,0.38,0.18000000000000005,0.04999999999999999,0.31,0.007992007992007992,1000
g_full_model,a_abs_log2fc,recall_at_100,0.12962962962962962,0.08796296296296297,0.04166666666666666,0.01157407407407407,0.07175925925925927,0.007992007992007992,1000
g_full_model,a_abs_log2fc,ef_at_100,15.843333333333335,10.750833333333334,5.092500000000001,1.4145833333333329,8.770416666666668,0.007992007992007992,1000
