gene,rank,predicted_prob,log2fc,direction,ensembl_id,ot_status,ot_luad_score,ot_lung_carcinoma_score,ot_cancer_score,epmc_status,epmc_luad_hits,epmc_lung_cancer_hits,epmc_cancer_hits,short_symbol_flag,evidence_class,potentially_novel
ALOX15B,3,0.9789600000000004,-1.7289653019421436,ns,ENSG00000179593,ok,0.005543697820270528,0.04465263804300567,0.05754683043434056,ok,2,5,38,False,lung_cancer_unspecified,False
RASD1,7,0.9751800000000006,0.919917258102045,ns,ENSG00000108551,ok,0.008759658522451906,0.008759658522451906,0.08138810936928828,ok,1,0,29,False,other_cancer,False
C15ORF48,8,0.9735933333333336,2.4312208179264587,up,,no_target_in_open_targets,0.0,0.0,0.0,ok,1,7,24,False,lung_cancer_unspecified,False
AGR3,18,0.9690733333333338,-1.783834181117234,ns,ENSG00000173467,ok,0.015959646309247427,0.02744500000888596,0.3755478012907911,ok,0,1,43,False,other_cancer,False
DMBT1,19,0.9683866666666668,-2.165531354023845,down,ENSG00000187908,ok,0.019360870798237846,0.04056850626323643,0.11826555349910459,ok,4,15,106,False,already_LUAD,False
CX3CL1,23,0.9674400000000002,-1.3932708554054158,ns,ENSG00000006210,ok,0.08020238561659118,0.10382289119186772,0.1070743497684026,ok,10,36,290,False,already_LUAD,False
KRT17,25,0.9671933333333336,1.36471249378342,ns,ENSG00000128422,ok,0.032122194385972254,0.0860160288953033,0.11130604526858555,ok,9,13,156,False,already_LUAD,False
CST6,26,0.96714,-1.3943930157326252,ns,ENSG00000175315,ok,0.022007765350558164,0.0404024697141316,0.0874766233124573,ok,3,1,61,False,already_LUAD,False
QPCT,28,0.9666866666666672,1.7638500582533214,ns,ENSG00000115828,ok,0.0017839996794955621,0.010383660633338895,0.031458226586478844,ok,1,1,28,False,other_cancer,False
PPP1R14D,29,0.96658,2.962744296651028,up,ENSG00000166143,ok,0.08705111212648425,0.08705111212648425,0.005756822203138704,ok,2,1,6,False,already_LUAD,False
CCL13,31,0.9657666666666672,0.6021992447780281,ns,ENSG00000181374,ok,0.005361577080767565,0.026998206458257096,0.08402562253969888,ok,1,6,40,False,lung_cancer_unspecified,False
COMP,34,0.9649533333333338,2.5248413262225675,up,ENSG00000105664,ok,0.06289248472608909,0.07928555558122609,0.11287179437572124,ok,6,29,289,False,already_LUAD,False
PODXL2,35,0.964766666666667,2.517887006947685,up,ENSG00000114631,ok,0.009301093009564996,0.01626151360612688,0.07563308000623377,ok,2,2,10,False,other_cancer,False
SPINK1,36,0.9641600000000002,3.610409681478696,up,ENSG00000164266,ok,0.022632545683089887,0.10043035532302085,0.10703281088467882,ok,10,13,302,False,already_LUAD,False
FGFBP1,39,0.9639400000000004,0.3922444138468448,ns,ENSG00000137440,ok,0.009095770868073495,0.05469781849333586,0.0404492664957091,ok,2,4,34,False,lung_cancer_unspecified,False
STEAP1,40,0.9635733333333342,2.5019282404610688,up,ENSG00000164647,ok,0.10413333858674204,0.10413333858674204,0.21865725432850605,ok,6,12,150,False,already_LUAD,False
GFRA3,42,0.9625933333333336,0.4345159063538054,ns,ENSG00000146013,ok,0.019587732298289195,0.03531705091367011,0.11087395640541053,ok,1,1,15,False,other_cancer,False
CXCL8,43,0.9622466666666666,0.6459707689580614,ns,ENSG00000169429,ok,0.10673228193718184,0.13177407504454755,0.12673355697733704,ok,30,105,1180,False,already_LUAD,False
MEX3A,45,0.9621200000000004,2.635231107143226,up,ENSG00000254726,ok,0.0885853286098766,0.0885853286098766,0.10746184921500875,ok,5,9,75,False,already_LUAD,False
SYT7,48,0.9608000000000004,2.1017487373622483,up,ENSG00000011347,ok,0.025131430118559724,0.08985818975693288,0.08063000496371245,ok,0,4,23,False,lung_cancer_unspecified,False
DNAJC12,50,0.9601599999999998,2.211383472215398,up,ENSG00000108176,ok,0.010904954203244837,0.09189302688061014,0.08295998805461464,ok,0,2,19,False,lung_cancer_unspecified,False
KCNN4,51,0.9599200000000004,2.921440522500069,up,ENSG00000104783,ok,0.03613338552032853,0.10400514600020534,0.18487453865528164,ok,4,4,64,False,already_LUAD,False
NRGN,52,0.9596133333333334,-2.3500786797878,down,ENSG00000154146,ok,0.006440246074504176,0.01607302788023768,0.04620819775272512,ok,0,1,5,False,other_cancer,False
SPDEF,53,0.9590466666666672,2.5593060720568133,up,ENSG00000124664,ok,0.04033401886875929,0.04033401886875929,0.11222680745561814,ok,8,12,115,False,already_LUAD,False
PHLDA2,59,0.9574666666666668,2.143711276171653,up,ENSG00000181649,ok,0.0375301488861478,0.06706898079967005,0.08521245462789152,ok,5,5,42,False,already_LUAD,False
PI3,61,0.9564533333333334,0.1614702522587976,ns,ENSG00000124102,ok,0.011621233208418956,0.0353848072203623,0.10098947833225429,ok,13,112,1623,True,already_LUAD,False
PKP1,62,0.9563399999999996,0.799971484399882,ns,ENSG00000081277,ok,0.008315546730405791,0.05019498403792741,0.07391597093694036,ok,2,13,37,False,lung_cancer_unspecified,False
C1ORF116,64,0.9562333333333336,-1.5132148156283731,ns,ENSG00000182795,ok,0.0049252051534057996,0.042908730177451344,0.03491790467061063,ok,1,0,4,False,other_cancer,False
ABCA3,65,0.9560133333333332,-2.9095627473196544,down,ENSG00000167972,ok,0.0862958841630343,0.4527353219887597,0.11087395640541053,ok,5,20,57,False,already_LUAD,False
GCNT3,68,0.9552133333333334,2.563782043962944,up,ENSG00000140297,ok,0.06244257480969085,0.06244257480969085,0.0540997139607109,ok,3,3,34,False,already_LUAD,False
MUC21,72,0.95358,1.8199820849374688,ns,ENSG00000204544,ok,0.05420198963460676,0.05420198963460676,0.08310231266692623,ok,13,10,21,False,already_LUAD,False
PGC,74,0.9531533333333336,-3.5904794701494764,down,ENSG00000096088,ok,0.044780794003041614,0.044780794003041614,0.0938075017079209,ok,16,52,911,True,already_LUAD,False
ANLN,78,0.9501333333333332,2.916297259732304,up,ENSG00000011426,ok,0.11590233916061068,0.11590233916061068,0.11548305518406894,ok,65,39,244,False,already_LUAD,False
CFD,79,0.9497533333333332,-2.6691593501195383,down,ENSG00000197766,ok,0.027062487961211815,0.03177396777939353,0.08119400001684103,ok,1,24,193,True,lung_cancer_unspecified,False
LRRK2,80,0.94952,-2.970134941715322,down,ENSG00000188906,ok,0.06098042201688169,0.34240731715757505,0.10053399605484077,ok,11,17,137,False,already_LUAD,False
THBS2,84,0.9484199999999996,2.887955419488005,up,ENSG00000186340,ok,0.0981645212433709,0.10606922049010688,0.11066814040706476,ok,11,17,244,False,already_LUAD,False
SLC26A9,85,0.9484133333333334,-1.146516768197413,ns,ENSG00000174502,ok,0.0,0.02721689380261461,0.07640817109036417,ok,0,1,13,False,other_cancer,False
SCNN1B,92,0.9474933333333332,-1.8330155915300927,ns,ENSG00000168447,ok,0.02989883507541988,0.02989883507541988,0.07654409434803157,ok,1,1,15,False,other_cancer,False
PCSK1N,93,0.9467066666666668,1.4369929602878893,ns,ENSG00000102109,ok,0.0024795948975352205,0.0100377888532365,0.02587058982792912,ok,0,0,5,False,other_cancer,False
CHRDL1,94,0.9466266666666664,-2.6172272353953137,down,ENSG00000101938,ok,0.1108643306253288,0.1108643306253288,0.1008920518580416,ok,7,3,38,False,already_LUAD,False
SCEL,96,0.9455333333333332,-1.931761645537122,ns,ENSG00000136155,ok,0.020403261157409446,0.044467620968900716,0.069785916878811,ok,1,0,30,False,other_cancer,False
GDF15,97,0.94422,0.694414050848419,ns,ENSG00000130513,ok,0.06024736672260063,0.10792299206163108,0.12396592239829451,ok,9,48,577,False,already_LUAD,False
CDC20,101,0.9438399999999996,3.268280165083881,up,ENSG00000117399,ok,0.10443451134677162,0.11516719243262817,0.11330689896987585,ok,48,82,691,False,already_LUAD,False
AOC1,103,0.943473333333333,2.3302405199987386,up,ENSG00000002726,ok,0.01812067191260721,0.08033016184287517,0.08384048924482966,ok,1,1,24,False,lung_cancer_unspecified,False
KIF2C,106,0.9418400000000002,2.6293423205710407,up,ENSG00000142945,ok,0.03828629796289485,0.08903951007700021,0.11182259464452013,ok,23,24,200,False,already_LUAD,False
MYH11,108,0.9416199999999992,-1.846234858664808,ns,ENSG00000133392,ok,0.19003761162795657,0.20405994597327276,0.1847899273423509,ok,5,5,162,False,already_LUAD,False
FNDC1,109,0.9414466666666664,2.2019864378655085,up,ENSG00000164694,ok,0.07637763173138569,0.11136321770409788,0.112079999549779,ok,3,3,44,False,already_LUAD,False
PDLIM4,110,0.941413333333333,1.0503907963878736,ns,ENSG00000131435,ok,0.02476185026387502,0.02476185026387502,0.0668374631806137,ok,1,0,37,False,other_cancer,False
ACKR1,112,0.9409799999999992,-2.458533997011222,down,ENSG00000213088,ok,0.01414492982946084,0.036720522070256896,0.09111152920987921,ok,0,2,65,False,other_cancer,False
ITGA11,113,0.940733333333333,2.303428273216027,up,ENSG00000137809,ok,0.04626643237010997,0.08451860359650151,0.09074951409426722,ok,6,16,62,False,already_LUAD,False
PROM2,114,0.9405999999999995,2.234546406715588,up,ENSG00000155066,ok,0.0153042838467447,0.09665567070602171,0.09102610119428094,ok,2,7,35,False,lung_cancer_unspecified,False
PRSS21,115,0.940513333333333,-0.6809472666609875,ns,ENSG00000007038,ok,0.0,0.0,0.014393082118554222,ok,0,0,16,False,other_cancer,False
NDNF,116,0.9404799999999998,-2.3605017528816514,down,ENSG00000173376,ok,0.015323821581974525,0.04788916027906195,0.02578840650245391,ok,2,1,10,False,other_cancer,False
MUC13,117,0.940426666666666,2.347409021909641,up,ENSG00000173702,ok,0.02497294960602915,0.07525260550730668,0.09905119719059022,ok,1,4,92,False,lung_cancer_unspecified,False
IGFBP6,120,0.9400199999999994,-0.9940275391223596,ns,ENSG00000167779,ok,0.007694060262799949,0.02318857210895646,0.11045110321351553,ok,0,6,80,False,lung_cancer_unspecified,False
OR2I1P,122,0.9394533333333333,0.6986608958727494,ns,,no_target_in_open_targets,0.0,0.0,0.0,ok,0,0,3,False,other_cancer,False
SFRP2,123,0.9390399999999998,1.4321720056997265,ns,ENSG00000145423,ok,0.015020777147861842,0.07878786784630763,0.11689186465180917,ok,2,14,349,False,lung_cancer_unspecified,False
CPA3,124,0.9389399999999992,-1.981816537234888,ns,ENSG00000163751,ok,0.02222652963320461,0.02222652963320461,0.05759989799080661,ok,5,4,31,False,already_LUAD,False
HS6ST2,125,0.9387133333333328,2.816484223220509,up,ENSG00000171004,ok,0.04999618812706224,0.04999618812706224,0.07963593063281169,ok,2,3,18,False,lung_cancer_unspecified,False
FOSB,126,0.938686666666666,-3.5000856841546724,down,ENSG00000125740,ok,0.0551156709865576,0.11058474392207483,0.09501816291820059,ok,4,19,187,False,already_LUAD,False
MT1A,128,0.938173333333333,-1.2927478793042513,ns,ENSG00000205362,ok,0.012175602990446007,0.0164159831332846,0.06477276652230125,ok,1,4,39,False,lung_cancer_unspecified,False
PCP4,131,0.937453333333333,2.062455118344058,up,ENSG00000183036,ok,0.011890940605687683,0.0545813099129937,0.31149954881512304,ok,3,1,19,False,already_LUAD,False
MUC15,132,0.9367599999999996,-1.2021254341136531,ns,ENSG00000169550,ok,0.036935185649752816,0.036935185649752816,0.07587433352248629,ok,2,3,30,False,lung_cancer_unspecified,False
SLC6A14,133,0.9366799999999996,-0.4633542256774335,ns,ENSG00000268104,ok,0.014151518404555995,0.08063049420591961,0.10089529038378563,ok,2,2,68,False,lung_cancer_unspecified,False
ITGA2,134,0.9365199999999996,1.351718583803448,ns,ENSG00000164171,ok,0.05705099414868638,0.08734095986289493,0.1082501116343513,ok,10,14,220,False,already_LUAD,False
SLAMF7,135,0.9363999999999996,1.0293706955779545,ns,ENSG00000026751,ok,0.011916032061924023,0.024166416053549668,0.08818004125677258,ok,0,1,72,False,other_cancer,False
ADGRF1,136,0.9363466666666662,1.3481804722921045,ns,ENSG00000153292,ok,0.02195984752788278,0.07600265986091849,0.09002048038158235,ok,0,1,11,False,lung_cancer_unspecified,False
CRTAC1,137,0.9362733333333328,-3.341957607042284,down,ENSG00000095713,ok,0.09086473183916023,0.09086473183916023,0.0768144910376325,ok,10,8,26,False,already_LUAD,False
DPT,140,0.9353399999999994,-1.2784757647247749,ns,ENSG00000143196,ok,0.006652437384324632,0.01422882440536102,0.0832344038321875,ok,2,19,153,True,lung_cancer_unspecified,False
SLC22A3,141,0.9351999999999996,-1.4318500498700977,ns,ENSG00000146477,ok,0.0036957985468470188,0.014783194187388075,0.355619202576017,ok,0,2,58,False,other_cancer,False
METTL7B,143,0.9350333333333332,1.7215446373646652,ns,,no_target_in_open_targets,0.0,0.0,0.0,ok,6,7,39,False,already_LUAD,False
CHI3L2,146,0.9334666666666666,-2.04401964441594,down,ENSG00000064886,ok,0.008583958461688006,0.0240835475770273,0.10390401700754191,ok,1,2,18,False,other_cancer,False
CDC45,147,0.9330733333333328,2.096468195533379,up,ENSG00000093009,ok,0.048609665397167344,0.048609665397167344,0.0865363484849924,ok,15,20,165,False,already_LUAD,False
MMP11,148,0.9329133333333328,4.341527536036862,up,ENSG00000099953,ok,0.10434018366404556,0.10434018366404556,0.11491239776571063,ok,7,18,239,False,already_LUAD,False
PDK4,151,0.932186666666666,-2.575737580286244,down,ENSG00000004799,ok,0.03985494454127946,0.052121139629107235,0.13025151783817565,ok,12,23,223,False,already_LUAD,False
CEMIP,152,0.9319799999999994,1.7323219286339808,ns,ENSG00000103888,ok,0.0820942513309353,0.09184797833539614,0.11263617778142623,ok,1,8,93,False,already_LUAD,False
ADAMDEC1,154,0.9318066666666668,1.7880989781340753,ns,ENSG00000134028,ok,0.01861645161372401,0.08040776772944658,0.10399205895722581,ok,0,2,35,False,lung_cancer_unspecified,False
CALB2,156,0.9314599999999992,-0.5312308844797538,ns,ENSG00000172137,ok,0.01944700153938262,0.07886974148651192,0.08812248378312491,ok,3,3,38,False,already_LUAD,False
KIF20A,157,0.9312199999999996,2.5579501296770952,up,ENSG00000112984,ok,0.10755269218658661,0.10755269218658661,0.1203952601513175,ok,21,22,310,False,already_LUAD,False
CXCL6,158,0.9308733333333332,0.664519525200321,ns,ENSG00000124875,ok,0.00895717842256673,0.09241898921652185,0.03670347610334811,ok,0,16,115,False,lung_cancer_unspecified,False
DLGAP5,159,0.9307666666666664,2.686703334347264,up,ENSG00000126787,ok,0.11108648446469047,0.11108648446469047,0.11142414837633684,ok,33,29,163,False,already_LUAD,False
BPIFB1,160,0.9306466666666664,-1.1932421198789025,ns,ENSG00000125999,ok,0.0036957985468470188,0.045280923795969666,0.23526958552543356,ok,4,5,14,False,already_LUAD,False
VSIG1,163,0.9304933333333332,1.5086618104378984,ns,ENSG00000101842,ok,0.04410998177821998,0.04410998177821998,0.07799988431198297,ok,1,4,15,False,lung_cancer_unspecified,False
CILP,164,0.9296999999999996,1.6903364994197014,ns,ENSG00000138615,ok,0.005291415119097778,0.005291415119097778,0.07632604223376759,ok,0,0,13,False,other_cancer,False
TMEM130,165,0.9296799999999996,-0.7201271542199139,ns,ENSG00000166448,ok,0.0,0.008869916512432843,0.05432823863865116,ok,0,0,6,False,other_cancer,False
MELK,167,0.92956,2.658503127457686,up,ENSG00000165304,ok,0.10953496730491954,0.10953496730491954,0.11826555349910459,ok,22,33,350,False,already_LUAD,False
FOXQ1,169,0.9289599999999996,0.5586633875116285,ns,ENSG00000164379,ok,0.027133320998101857,0.10155966426538508,0.10911890033511062,ok,3,9,159,False,already_LUAD,False
C2CD4A,170,0.9287666666666666,2.1424029689559685,up,ENSG00000198535,ok,0.0024744335828031697,0.028532847460148846,0.02126649858463826,ok,1,1,12,False,other_cancer,False
CSF3R,172,0.9285599999999996,-1.9390329543354576,ns,ENSG00000119535,ok,0.29174770855030524,0.37272678605963455,0.6010373944588068,ok,1,5,60,False,already_LUAD,False
ELAPOR1,175,0.9284066666666664,-0.2745643662246368,ns,ENSG00000116299,ok,0.011604843244798999,0.034681373563612415,0.0689421234143637,ok,1,1,7,False,other_cancer,False
CD79A,176,0.9283799999999996,1.8536279774355071,ns,ENSG00000105369,ok,0.29151128144126737,0.29151128144126737,0.2777392607955534,ok,26,18,161,False,already_LUAD,False
TNFRSF18,180,0.92794,1.9467073024886568,ns,ENSG00000186891,ok,0.011038566553415239,0.030534071627625593,0.09094172756934263,ok,9,14,73,False,already_LUAD,False
NT5E,183,0.9275999999999994,1.498327932910133,ns,ENSG00000135318,ok,0.11212493491739724,0.32922204566505564,0.13298610160548235,ok,21,19,214,False,already_LUAD,False
CHIT1,185,0.9271666666666664,-0.1576591440560741,ns,ENSG00000133063,ok,0.026030929233840764,0.0721006591913189,0.05435676290924952,ok,1,1,19,False,lung_cancer_unspecified,False
KRT6A,186,0.9271333333333336,2.7118366163970333,up,ENSG00000205420,ok,0.10368982470927399,0.10368982470927399,0.16702749197687045,ok,34,36,99,False,already_LUAD,False
TNNT1,187,0.9269999999999996,1.6794433313992918,ns,ENSG00000105048,ok,0.02272402800957187,0.02272402800957187,0.07602052288722821,ok,2,3,30,False,lung_cancer_unspecified,False
RND1,188,0.9269266666666658,-0.9061517719057628,ns,ENSG00000172602,ok,0.0,0.03277022551759881,0.0776015033767128,ok,0,3,20,False,lung_cancer_unspecified,False
PKP2,190,0.92602,1.0583738874262525,ns,ENSG00000057294,ok,0.08719921039906497,0.08719921039906497,0.07607965566397777,ok,16,12,38,False,already_LUAD,False
TESC,191,0.9259799999999998,1.6743267032540132,ns,ENSG00000088992,ok,0.013036491151250378,0.013036491151250378,0.053869621182948906,ok,1,2,19,False,other_cancer,False
MSMB,192,0.9259599999999996,0.9877889519972872,ns,ENSG00000263639,ok,0.0036957985468470188,0.3812752138883914,0.5395398440316513,ok,0,1,134,False,lung_cancer_unspecified,False
HABP2,193,0.9259133333333333,0.9277133274109154,ns,ENSG00000148702,ok,0.027188643519047696,0.05687423319314578,0.17345094922476595,ok,3,5,47,False,already_LUAD,False
SHISA3,194,0.9255133333333326,-0.6109002616117629,ns,ENSG00000178343,ok,0.02876563202295929,0.02876563202295929,0.07891666831505192,ok,1,6,12,False,lung_cancer_unspecified,False
C7,195,0.9247666666666662,-2.241323882581707,down,ENSG00000112936,ok,0.019727563190504477,0.03591955975472122,0.03764725189745715,ok,7,44,577,True,already_LUAD,False
NCCRP1,196,0.924733333333333,1.58956019618698,ns,ENSG00000188505,ok,0.0,0.0,0.04599215969409622,ok,1,0,6,False,other_cancer,False
PKIB,197,0.9242999999999996,1.598219994664693,ns,ENSG00000135549,ok,0.01829420280689274,0.02288109944781287,0.08467182602498541,ok,2,1,21,False,other_cancer,False
SHISA2,198,0.9237399999999996,-1.160773245635469,ns,ENSG00000180730,ok,0.002582638944306875,0.002582638944306875,0.013273826709149067,ok,0,0,4,False,other_cancer,False
HLA-DQB2,199,0.9236266666666664,-0.7962798135294333,ns,ENSG00000232629,ok,0.02087612873614837,0.02087612873614837,0.04028283418239817,ok,3,5,16,False,already_LUAD,False
MYBL2,200,0.9234799999999996,3.420135204673319,up,ENSG00000101057,ok,0.11396889344429537,0.11396889344429537,0.12480566293775756,ok,15,27,296,False,already_LUAD,False
SPAG5,201,0.923133333333333,2.209751303178862,up,ENSG00000076382,ok,0.10301530406942594,0.10301530406942594,0.11048418550295433,ok,11,10,92,False,already_LUAD,False
CLDN9,202,0.9230799999999996,0.8343665512976404,ns,ENSG00000213937,ok,0.009239496367117545,0.01150911474842124,0.08180865217191975,ok,0,1,29,False,other_cancer,False
CYP4B1,204,0.9230333333333328,-4.463207072774587,down,ENSG00000142973,ok,0.10636668076541674,0.10636668076541674,0.08088824597727909,ok,24,18,58,False,already_LUAD,False
HLA-DQA2,207,0.9223533333333332,-0.7484404027086917,ns,ENSG00000237541,ok,0.002751316695986113,0.02311208685699081,0.05175094800714359,ok,3,5,14,False,already_LUAD,False
COL17A1,208,0.9221266666666664,2.436335321225376,up,ENSG00000065618,ok,0.07972381328044795,0.07972381328044795,0.11023828643506688,ok,3,3,57,False,already_LUAD,False
DDIT4,210,0.9216199999999992,1.179526034384324,ns,ENSG00000168209,ok,0.103400067309306,0.103400067309306,0.09919595325605453,ok,22,20,193,False,already_LUAD,False
BCAS1,211,0.9213533333333328,0.8941841163241954,ns,ENSG00000064787,ok,0.0,0.06870489498588607,0.23395830656055872,ok,0,1,31,False,lung_cancer_unspecified,False
UHRF1,212,0.9212399999999998,2.3543385543892525,up,ENSG00000276043,ok,0.05687547365928092,0.10251020363287064,0.11590022077332446,ok,15,32,365,False,already_LUAD,False
KRT80,213,0.9211866666666664,2.177617360850629,up,ENSG00000167767,ok,0.1027131529187535,0.1027131529187535,0.10143165137551331,ok,9,7,51,False,already_LUAD,False
MT1M,215,0.920726666666666,-2.513798718204688,down,ENSG00000205364,ok,0.0418803974751489,0.048153057355383444,0.060246123491046584,ok,1,2,33,False,other_cancer,False
CCN4,216,0.9200733333333329,1.9816148514044745,ns,ENSG00000104415,ok,0.042137605462189975,0.09439414241450793,0.1114338618857062,ok,2,2,38,False,lung_cancer_unspecified,False
GGTLC1,217,0.9199799999999996,-3.200020798915402,down,ENSG00000149435,ok,0.0022174791281082107,0.03499182064154757,0.07685207756026882,ok,1,2,5,False,other_cancer,False
ID4,219,0.919826666666666,-2.28597618855562,down,ENSG00000172201,ok,0.05685454789267727,0.07850900086448906,0.1147119426215728,ok,6,7,184,True,already_LUAD,False
EDN2,224,0.9177466666666664,1.5111442599302574,ns,ENSG00000127129,ok,0.025870589827929127,0.03543901226571606,0.01805686974427124,ok,1,1,21,False,other_cancer,False
CENPF,225,0.9170999999999994,2.523946044796283,up,ENSG00000117724,ok,0.1162213283561829,0.1162213283561829,0.10983742928810447,ok,38,39,257,False,already_LUAD,False
SLC7A11,226,0.9170599999999997,1.8030620903664505,ns,ENSG00000151012,ok,0.11566874110425196,0.1207250802924023,0.1469064470577228,ok,98,210,1708,False,already_LUAD,False
GNLY,227,0.9170133333333328,-1.024967740590801,ns,ENSG00000115523,ok,0.013120075725851945,0.019015499489952382,0.05682164981715724,ok,2,7,70,False,lung_cancer_unspecified,False
RCN3,228,0.9168599999999996,1.4546151708808723,ns,ENSG00000142552,ok,0.0036957985468470188,0.08637467068673782,0.0860469286939742,ok,1,3,17,False,lung_cancer_unspecified,False
SPINK5,229,0.9168533333333329,-0.2930854741711536,ns,ENSG00000133710,ok,0.0022174791281082107,0.07774875082811539,0.07696041361767592,ok,2,3,35,False,lung_cancer_unspecified,False
LIFR,230,0.9161799999999996,-1.8447191174514064,ns,ENSG00000113594,ok,0.19196252917054724,0.2198635326718985,0.1847899273423509,ok,6,13,223,False,already_LUAD,False
ANOS1,231,0.9159599999999992,-2.628163237933285,down,ENSG00000011201,ok,0.030051790434075527,0.030051790434075527,0.08311378015279078,ok,4,0,12,False,already_LUAD,False
MRC1,232,0.9155333333333328,-2.464488579192547,down,ENSG00000260314,ok,0.049916376934342956,0.0998790792586275,0.11126116188282856,ok,3,8,120,False,already_LUAD,False
PLEK2,233,0.9155199999999992,2.37336040692071,up,ENSG00000100558,ok,0.09067970607782538,0.09067970607782538,0.0993143197615951,ok,20,19,51,False,already_LUAD,False
ALG1L,234,0.9154733333333328,2.120501319114611,up,,no_target_in_open_targets,0.0,0.0,0.0,ok,0,0,2,False,indirect_only,False
APOH,237,0.9152866666666662,-1.5501798311893138,ns,ENSG00000091583,ok,0.030305548084145546,0.25714970008941773,0.042746630511875675,ok,1,8,49,False,lung_cancer_unspecified,False
CES1,238,0.915053333333333,-2.720062959141151,down,ENSG00000198848,ok,0.019325187104223318,0.04261070934587269,0.07136942473029628,ok,0,9,89,False,lung_cancer_unspecified,False
GPX2,239,0.9149266666666662,2.4261209736465315,up,ENSG00000176153,ok,0.10343599560202557,0.11780472417750346,0.09314249805073782,ok,13,26,172,False,already_LUAD,False
SLC6A20,241,0.9148933333333328,-1.0545865548077304,ns,ENSG00000163817,ok,0.014783194187388075,0.014783194187388075,0.06704794530404966,ok,0,0,9,False,other_cancer,False
FLRT3,242,0.9143666666666664,-2.354529452362629,down,ENSG00000125848,ok,0.021137957279463084,0.028568902900709656,0.05774116965378103,ok,0,3,30,False,lung_cancer_unspecified,False
FDCSP,243,0.9141333333333332,2.092271204389117,up,ENSG00000181617,ok,0.011931800468680412,0.03904437331572038,0.025014300101570817,ok,2,1,22,False,other_cancer,False
SERPINE2,244,0.914066666666666,1.304570997657805,ns,ENSG00000135919,ok,0.029693589604723746,0.03108097517364313,0.10154253597088596,ok,4,15,101,False,already_LUAD,False
AADAC,245,0.913993333333333,-2.4570599473693653,down,ENSG00000114771,ok,0.019671395360750202,0.019671395360750202,0.0445385677320484,ok,0,0,30,False,other_cancer,False
ARSL,246,0.913826666666666,1.0398907959006576,ns,ENSG00000157399,ok,0.004206760123273547,0.013463679090815093,0.005674693346542105,ok,0,1,2,False,indirect_only,False
TPSAB1,247,0.9137399999999994,-1.9667797871894093,ns,ENSG00000172236,ok,0.0,0.018848572588919792,0.021731295455460466,ok,0,2,7,False,other_cancer,False
SLC1A1,248,0.9132799999999992,-2.4749968957020134,down,ENSG00000106688,ok,0.04187079598488463,0.052256329490440255,0.04755281329157313,ok,1,2,32,False,lung_cancer_unspecified,False
AK4,249,0.9127533333333334,1.906157048173384,ns,ENSG00000162433,ok,0.08917569418079899,0.08917569418079899,0.08569337614537331,ok,8,8,39,True,already_LUAD,False
VCAN,250,0.912453333333333,1.758369956980738,ns,ENSG00000038427,ok,0.03442294916852674,0.07846050391073103,0.15195560028105587,ok,12,17,272,False,already_LUAD,False
ANKRD22,251,0.9119599999999992,2.326500330917184,up,ENSG00000152766,ok,0.08395116092189998,0.08395116092189998,0.07978572031789938,ok,2,4,30,False,already_LUAD,False
HMMR,252,0.9115799999999996,2.2792348407722973,up,ENSG00000072571,ok,0.11173824162717574,0.11300133215985814,0.3421529219912968,ok,49,42,250,False,already_LUAD,False
EPHB2,253,0.9113199999999994,1.7324934689280438,ns,ENSG00000133216,ok,0.0790130678123583,0.38414017947937995,0.47742539949407614,ok,10,16,266,False,already_LUAD,False
CST2,254,0.9112399999999996,1.4420744955027935,ns,ENSG00000170369,ok,0.008315546730405791,0.021498254824867617,0.08385982547575808,ok,0,2,37,False,other_cancer,False
AKAP12,255,0.9111399999999996,-1.228290159490109,ns,ENSG00000131016,ok,0.08509180074612603,0.08509180074612603,0.22269420745527416,ok,9,18,133,False,already_LUAD,False
ARNTL2,257,0.9107399999999994,1.8275536847585336,ns,,no_target_in_open_targets,0.0,0.0,0.0,ok,16,9,56,False,already_LUAD,False
ATOH8,258,0.9105599999999996,-2.539361725762548,down,ENSG00000168874,ok,0.050703070908477234,0.06308522797326369,0.06793944147166238,ok,2,1,26,False,already_LUAD,False
IL4I1,259,0.9105466666666662,1.6439154324079956,ns,ENSG00000104951,ok,0.08940993698618094,0.08940993698618094,0.09510216272241949,ok,4,3,71,False,already_LUAD,False
TMPRSS2,261,0.9104999999999996,-1.4794334119593444,ns,ENSG00000184012,ok,0.21327521422330661,0.2810779683698087,0.5275960272160263,ok,31,63,1434,False,already_LUAD,False
MZB1,262,0.9103266666666664,1.738587158238528,ns,ENSG00000170476,ok,0.010337148535531108,0.04802484889486208,0.0915586331968895,ok,2,5,37,False,lung_cancer_unspecified,False
GJB3,263,0.9093733333333331,1.9013483596270813,ns,ENSG00000188910,ok,0.10283656649949241,0.10283656649949241,0.08524381366363738,ok,13,7,29,False,already_LUAD,False
SMPDL3B,264,0.9093599999999996,1.5406115691537976,ns,ENSG00000130768,ok,0.036322859963411884,0.036322859963411884,0.07602052288722821,ok,1,1,14,False,other_cancer,False
CXCL9,265,0.9091733333333328,0.7432012529575395,ns,ENSG00000138755,ok,0.08696696612004941,0.08696696612004941,0.10919005849740936,ok,27,121,1055,False,already_LUAD,False
WFDC3,270,0.908406666666666,1.8095101854291624,ns,ENSG00000124116,ok,0.006650940687093432,0.03151037841041768,0.02270862884896001,ok,1,0,6,False,other_cancer,False
INAVA,271,0.908346666666666,1.8517609350133173,ns,ENSG00000163362,ok,0.011420955936624243,0.018941490314751296,0.07990192007924025,ok,1,0,9,False,other_cancer,False
APOC1,272,0.9082466666666664,-1.6765147383885293,ns,ENSG00000130208,ok,0.011812393978385703,0.09274448165820945,0.24966662589051555,ok,2,3,111,False,lung_cancer_unspecified,False
HGD,275,0.9074000000000002,1.5686269282847758,ns,ENSG00000113924,ok,0.009149716266199454,0.009149716266199454,0.029196808520091447,ok,1,10,695,True,lung_cancer_unspecified,False
MAB21L4,276,0.9071333333333332,-1.6413559351205842,ns,ENSG00000172478,ok,0.0,0.0029566388374776143,0.007761176948378739,ok,0,0,1,False,indirect_only,False
DES,277,0.9069666666666664,-3.359377495179974,down,ENSG00000175084,ok,0.030018029100699294,0.04834289289203242,0.061773456116391096,ok,17,1157,15630,True,already_LUAD,False
ADM2,278,0.9069066666666664,2.391193537346131,up,ENSG00000128165,ok,0.009054706439775195,0.009054706439775195,0.06015959277915129,ok,1,2,14,False,other_cancer,False
CDC6,282,0.90614,2.360707695227765,up,ENSG00000094804,ok,0.07124379022857043,0.0797505968076212,0.11034456762784445,ok,14,40,307,False,already_LUAD,False
HAS3,283,0.9060999999999992,-0.8236137458234205,ns,ENSG00000103044,ok,0.008726191013388791,0.04851105172591396,0.07976856334834148,ok,1,7,107,False,lung_cancer_unspecified,False
GPC6,284,0.90608,0.918004388655262,ns,ENSG00000183098,ok,0.0036957985468470188,0.04269386481317675,0.07569415077258415,ok,1,1,24,False,other_cancer,False
LRRC15,285,0.9058799999999996,2.0275793192283897,up,ENSG00000172061,ok,0.009224917503512222,0.021080180416757292,0.0960194793879416,ok,2,3,79,False,lung_cancer_unspecified,False
CPXM1,286,0.9056999999999996,2.247428294431877,up,ENSG00000088882,ok,0.0036957985468470188,0.007319075574285267,0.07968819230069094,ok,0,0,16,False,other_cancer,False
NUF2,287,0.9049533333333328,2.3839531834684955,up,ENSG00000143228,ok,0.11067780064472622,0.11067780064472622,0.10178048471549375,ok,9,16,120,False,already_LUAD,False
CH25H,288,0.9048933333333328,-0.7208358824556375,ns,ENSG00000138135,ok,0.05892745460806079,0.05892745460806079,0.02780794865583815,ok,3,5,47,False,already_LUAD,False
FIBIN,289,0.9048866666666664,-1.819569914107373,ns,ENSG00000176971,ok,0.01811126077882381,0.021960434965364983,0.11292756209833942,ok,0,1,3,False,other_cancer,False
CP,291,0.9045266666666664,2.65586511406054,up,ENSG00000047457,ok,0.04230195928529508,0.09816006812442567,0.10424313807318726,ok,40,408,4148,True,already_LUAD,False
RAMP1,293,0.9037733333333328,1.6173724045024391,ns,ENSG00000132329,ok,0.01264643371244119,0.07391597093694036,0.04924464888134806,ok,1,0,45,False,lung_cancer_unspecified,False
TPPP,294,0.9036599999999992,-2.180390195668569,down,ENSG00000171368,ok,0.008561933300195591,0.031421645556398634,0.026609749537298527,ok,1,3,19,False,lung_cancer_unspecified,False
TUBB2B,296,0.9035599999999996,1.8210545488447325,ns,ENSG00000137285,ok,0.36844789543819717,0.6131225475456743,0.6153821617361128,ok,1,2,26,False,already_LUAD,False
AURKA,298,0.9034666666666664,2.075073453472942,up,ENSG00000087586,ok,0.09756239803053254,0.1404949843194345,0.21961873220216935,ok,63,124,1229,False,already_LUAD,False
PRRX2,299,0.903393333333333,1.4178343191850415,ns,ENSG00000167157,ok,0.07581459349075527,0.07581459349075527,0.03956186613721071,ok,1,1,22,False,already_LUAD,False
SLITRK6,300,0.9032133333333328,0.205643551765321,ns,ENSG00000184564,ok,0.035089553980897525,0.035089553980897525,0.20961827178139789,ok,1,0,14,False,other_cancer,False
RBP4,301,0.9029799999999996,-2.936784666280381,down,ENSG00000138207,ok,0.01334271402093656,0.08325639598245221,0.10303618200271789,ok,0,3,85,False,lung_cancer_unspecified,False
ERN2,302,0.9028533333333328,1.0062168808498368,ns,ENSG00000134398,ok,0.010717815785856354,0.010717815785856354,0.009926902326087735,ok,2,2,8,False,other_cancer,False
LAMP3,304,0.9025133333333328,-3.2733801274848933,down,ENSG00000078081,ok,0.045051538785015395,0.3695798546847018,0.08760359720106303,ok,9,13,134,False,already_LUAD,False
OLR1,306,0.9022399999999996,-2.841262091983892,down,ENSG00000173391,ok,0.02231698383475598,0.10080357443849874,0.10294008964127013,ok,5,8,96,False,already_LUAD,False
CAPN6,307,0.9018333333333332,-0.2802263814050846,ns,ENSG00000077274,ok,0.0,0.0073915970936940375,0.11087395640541053,ok,0,0,10,False,other_cancer,False
FAXDC2,308,0.9017733333333332,-1.5453428620095848,ns,ENSG00000170271,ok,0.014986463107464657,0.014986463107464657,0.07835092919315678,ok,0,0,10,False,other_cancer,False
LRRN4,310,0.90148,-1.8139879269841503,ns,ENSG00000125872,ok,0.00993715912272262,0.01671979262593591,0.26342682541136636,ok,0,1,7,False,other_cancer,False
NLRP2,311,0.901406666666666,-0.0476147838447839,ns,ENSG00000022556,ok,0.029565578021823184,0.029565578021823184,0.008818585977059966,ok,5,1,22,False,already_LUAD,False
FCN3,312,0.90116,-4.622417693140439,down,ENSG00000142748,ok,0.06955638748984568,0.06955638748984568,0.08131559947397443,ok,6,6,35,False,already_LUAD,False
SERPINA1,313,0.9010533333333326,-1.2513779538906946,ns,ENSG00000197249,ok,0.08348762165327613,0.5245220281709367,0.10828946930976807,ok,4,16,176,False,already_LUAD,False
TSPAN8,315,0.9006733333333331,0.3132066425465106,ns,ENSG00000127324,ok,0.019937274982333154,0.07763578313058926,0.20092564610632418,ok,3,6,114,False,already_LUAD,False
BMP3,318,0.8999933333333331,-0.9785708548265246,ns,ENSG00000152785,ok,0.025157902463732146,0.025157902463732146,0.05456003476565171,ok,1,1,73,False,other_cancer,False
MAMDC2,319,0.8999333333333329,-2.782377985417785,down,ENSG00000165072,ok,0.026181036905864274,0.04066136484661717,0.11087395640541053,ok,1,2,18,False,other_cancer,False
SCTR,324,0.8983133333333331,-1.8241332233862424,ns,ENSG00000080293,ok,0.0,0.007761176948378739,0.012168234391042332,ok,0,0,22,False,other_cancer,False
ST6GALNAC1,325,0.8980066666666661,0.967106861328292,ns,ENSG00000070526,ok,0.09118544564137676,0.09118544564137676,0.057505564242356116,ok,2,5,40,False,already_LUAD,False
NKG7,326,0.8979666666666664,-1.387557971130008,ns,ENSG00000105374,ok,0.01619376106044546,0.018077639278154575,0.06356295294941185,ok,4,7,47,False,already_LUAD,False
COL5A2,327,0.897913333333333,2.2228409627025125,up,ENSG00000204262,ok,0.09890299080380291,0.09890299080380291,0.22862831385630616,ok,12,9,165,False,already_LUAD,False
HSD17B6,328,0.8976266666666662,-3.063523654923445,down,ENSG00000025423,ok,0.10181102485692271,0.10181102485692271,0.03488176797370812,ok,5,4,12,False,already_LUAD,False
AHNAK2,329,0.8975733333333331,1.3482172960306502,ns,ENSG00000185567,ok,0.10971841207468012,0.10971841207468012,0.0826991931089096,ok,7,8,73,False,already_LUAD,False
SCG5,331,0.8974,1.8172429944302373,ns,ENSG00000166922,ok,0.007715398326913377,0.08088770724290335,0.06730459798091402,ok,0,2,24,False,lung_cancer_unspecified,False
