gene,ensemble_prob
LEPROT,0.007012631014588594
PEX7,0.006588832054196746
PPM1L,0.009979609429883107
HPX,0.007394824254801543
NAGLU,0.005164911252156965
GPNMB,0.09279160909284423
ARHGAP6,0.010996135093749042
RAB11FIP4,0.007961054295811822
C6ORF136,0.007496691826302893
SLC44A5,0.27808322517386397
PXMP4,0.01677281213354704
SLC30A4,0.005472402022629098
ACOXL,0.01800892164060346
RHPN1,0.01772148964676511
FKTN,0.005132365800368889
GTPBP2,0.007456208564639258
EIF5A2,0.009508903943926587
BCL7A,0.008969546615537562
PGM2L1,0.06512925270853114
HK3,0.20268408342050992
H2AJ,0.009281081880549028
SIRPB1,0.046519710365420346
ST6GALNAC5,0.07400998145210415
ZNF461,0.007097820061784188
ZNF620,0.006995322695188099
GABRD,0.009966805538571938
BCR,0.005536795716510515
C1ORF87,0.010820171537091144
NUGGC,0.018338656655226104
DIDO1,0.005114879114227596
TACC1,0.018746633510718595
ZNF763,0.006088418516390527
CHGB,0.19057875600461793
PODN,0.036691492320904275
MMP14,0.03928775886205519
MAGI1,0.00767754891239092
GNG12,0.007854498075695682
RDH13,0.005984203557259825
MRM1,0.010408870268183218
BMF,0.010630349487524934
GPR173,0.0085537296514571
AREL1,0.0053146125310109225
NUDT10,0.008334711375242658
CUEDC1,0.006434812673929736
GSR,0.011013453248353516
ZNF250,0.007729148703973119
PPIL6,0.010482935531683963
ODF3B,0.00890157574757684
KLK10,0.1460426104449018
CLN8,0.00873226928743
PRKAA1,0.005950353440219998
IGF1,0.009312309689204365
FNDC3B,0.0052963293824773066
MAMDC2,0.24290084130452946
PTK2B,0.008146486321693118
KIF3C,0.030200559603360027
CFL1,0.005118182151669579
NTF3,0.011011155724370251
CD59,0.008433046769770183
ALKAL1,0.10631709472605136
KMT5C,0.007563476394661064
RPL15,0.006269806701900806
WARS2,0.006811462482578784
PAM16,0.006490957468460504
PINLYP,0.0078021968856363064
SDF2L1,0.005491748414161542
DCK,0.006989995729899779
CDCA7L,0.010188076708623425
ZNF608,0.006686908800011553
PER2,0.013864788377313905
GAMT,0.037867934792090274
IRF2BP2,0.007542046977140103
IDO1,0.21252282255782382
RERG,0.016306316757332975
HINT3,0.007419538362710302
SNX6,0.007866544854666906
CXCL11,0.15018780568683965
CHTOP,0.006068192338397364
ARHGAP15,0.0072414736930349385
CCNL1,0.00571869970238665
SETMAR,0.007177045595110951
TBX21,0.01940153321062329
HMGCLL1,0.008927982964723104
SCAF4,0.005170404353115313
MMS19,0.0055924266299914455
DCTN6,0.006996895513176871
ATP8B2,0.007573362222646744
COL6A6,0.19466217976892597
MED31,0.007350397542795148
NCAPD2,0.008685300813782522
SPRED2,0.007350895542745898
VCP,0.006447988904758987
KLHDC7B,0.02258778484367646
MT-ATP6,0.01093106750127511
IGF2,0.021580951641700485
LYRM7,0.005160425398226386
CSNK1G1,0.005066839698155957
ZNF221,0.005261850713605699
WDR18,0.005338556017854982
TMEM268,0.007123081625458823
SLC4A8,0.011291231711120026
CMPK2,0.00936625576135741
H3C10,0.07416767241749486
MAK,0.007600174647234535
TIMM8B,0.005239804522150494
FBXW5,0.0051540034961528
C1GALT1C1L,0.020326732151634816
SIK1,0.2701941364224127
LRRIQ1,0.014213127033410712
LTC4S,0.021872436682392176
ZNF879,0.007968152883684475
GPC4,0.00986921599098981
ELAC2,0.006321309528493987
ARL10,0.005327606893313737
SLC43A1,0.008120511022734112
PLS1,0.009571726231798024
SBK1,0.10247916592310782
WDR5,0.006496368612327723
PRKDC,0.0066667682848407
DBNDD1,0.21373878564212725
SIX4,0.022614062863268183
PLD4,0.021646556425452466
ZNF225,0.005098937525031194
AKAP11,0.005139534396919483
NOP9,0.005268651955275397
HCAR3,0.016896389076838818
RILP,0.010508234510716094
WARS1,0.01881920317351181
POLR2A,0.005397595961399064
DNAJC10,0.007876983505118116
ANKEF1,0.009089247418276143
ZNF841,0.005185954937213874
HIP1,0.005646356929619719
PODXL,0.010986288032119684
ARMH1,0.010091033584995574
PAEP,0.6714775389210258
CENATAC,0.0052775423830731
C4ORF47,0.01550078366049638
PPP1R1C,0.010113131978938076
ZNF875,0.007305133064024977
RAMP3,0.3001649189909083
TUSC1,0.008352133306592088
WDTC1,0.005367310296893679
SPECC1L,0.006404330640943515
BPHL,0.00869150852370134
ASPHD2,0.012111291621282508
SLC48A1,0.008370127423318371
ITPR3,0.006253386978250121
NXT1,0.005360100549829621
PGP,0.007962341197998902
MACF1,0.006637950960964143
ALDH4A1,0.010159960157179624
DTL,0.08275627398633371
BCLAF1,0.005067788648610097
PGPEP1,0.007367838300946872
TPCN1,0.006996580464025801
OXLD1,0.005111380990778576
METTL27,0.056283790635658984
PIGZ,0.007949892572111402
SPSB1,0.013668101555212213
MCMBP,0.006925099588155379
DDX43,0.04980159150873377
LGALS1,0.016200211087809557
GRIK5,0.01463956924947136
RXRA,0.005575600023610848
RABGAP1L,0.005097892196700402
PTPN1,0.00887261962820742
BRPF3,0.00524701230077781
BRF1,0.0056167362227640275
LMBRD2,0.005117104962505788
AFMID,0.007116797466590481
RAD51,0.02679639404901999
CD3D,0.03517232064181595
CDKN2B,0.21869373919991436
CASKIN2,0.016895032856362447
AMMECR1,0.00508479598490588
PARL,0.0070169206521406785
ZNF419,0.006968453849945882
LXN,0.008241472602684513
HACD4,0.017750701075896786
CCDC96,0.010306477550728768
MAN1A1,0.008751303754631155
FXR2,0.005867222629567884
KAZN,0.009448730566619776
C3ORF52,0.008480035655723988
ABHD8,0.005152507904408143
HEXIM1,0.00790364629778737
SGCG,0.05098159835056888
SLC2A5,0.1984448238545158
PLEK,0.027475836476890416
SLCO4A1,0.0706335271721961
PFKP,0.21300173960287416
FUT10,0.007675256938065247
CCDC33,0.008395101953335007
TREM1,0.17044123941308179
C17ORF58,0.008326273337566872
SDR16C5,0.2245786665056872
ISM1,0.09804711480986787
HBP1,0.007227166195685801
PCCB,0.007591412307299324
NAPB,0.00510524136930824
TRAPPC1,0.005092507610149706
RIC1,0.0050930088520386866
RAPGEF2,0.0051653815324459364
MTMR9,0.005092243533884596
GADD45GIP1,0.005157909023162525
SPIB,0.07925861738366678
VMAC,0.007010516826915925
OR2I1P,0.28448524994526314
HTATIP2,0.007372058255447285
MORC3,0.0050678848874289
PDS5B,0.005072771716432655
TRAPPC10,0.005072690564634386
OTUD1,0.02163707767534365
CYP39A1,0.013551604261181231
H2AX,0.011245101192997415
MOGS,0.005148612767454238
GYG1,0.007240007624805334
HUNK,0.01557413877513072
ZNF160,0.005077158484540395
MUC4,0.27070848863392305
ARHGEF2,0.005764746226361683
NIT2,0.006896813897514699
TMEM79,0.009739304779338763
KANK4,0.021862260054874436
NPAS1,0.006901658307451489
OBI1,0.006831081135637675
TSKU,0.05149715606672684
SLC44A2,0.008420803291054326
CHSY3,0.009624134226088009
HS6ST1,0.008043563035508005
FUOM,0.01128433827477644
KCNAB3,0.006489184335702276
ARHGAP39,0.014045265382656888
HYAL2,0.0057495527149256315
NR1H2,0.0051103117791393
CLSTN2,0.036382931061875484
PCYOX1L,0.00697880701405288
OGDH,0.007070885460670894
ARHGAP17,0.0057740716644023166
WASHC1,0.007865246623071214
TAB2,0.005083050290581082
SCARA3,0.06161033251308681
RAB4A,0.007008852320996452
VDR,0.010936981634490873
PLCD3,0.018384232338774207
SHISAL2A,0.008477731826903308
FCGR2A,0.031846483359610565
LEPR,0.09747686998704158
POU2F2,0.018012531417795147
PLD3,0.009955257233981298
PRICKLE2,0.005641834406652106
DLL1,0.0386079820468133
RGS19,0.008204929461342709
ZNF462,0.006230434002935257
HLTF,0.009973683364050771
DCAF15,0.005077563976592859
ATP6V0E2,0.007583510252449864
RPS6KC1,0.0054333027983639514
KDM3B,0.005088948454227424
BRD4,0.005222197171951722
SKIV2L,0.005778417635235999
TAC4,0.04788590933877549
TNFRSF17,0.121012640643992
CYP4B1,0.5456148115738185
EEF1AKMT4,0.011943659556558647
LMO2,0.01827970457892958
CEP44,0.005088098222480493
ABCA13,0.018072367364080768
CD4,0.011874941112827268
BEND7,0.0076992664335119405
ZNF791,0.005073789350251169
CD86,0.01262628351589188
BAG2,0.010610387672604936
GGT7,0.008466598561780274
ATP11B,0.005092240806920501
FBXO17,0.009954974442884517
ZDHHC9,0.01475436136354745
TMEM104,0.006145130005936084
MSL1,0.005554555658528991
HTR2B,0.08550402554856781
VPS39,0.005195558181112618
CETP,0.010199476480742395
SLC25A24,0.007274635979202228
CAND2,0.009588020865181054
RIT1,0.0074897767521169105
MAPRE2,0.007470163539356928
EIF2AK3,0.006225132575564717
IL17RE,0.012298278729953841
IL32,0.026586862618583583
WIPF2,0.005107371894650436
FAAH2,0.010353220073061716
PPP1R13B,0.005274812887048933
HHIPL1,0.008777164852993435
TGFBR2,0.014869600111343105
CASD1,0.0070141536243947065
SPRY1,0.01049393158946739
RBM17,0.006178734388522134
ZNF483,0.005241303541998716
GZMK,0.0230755958545095
TPBG,0.09484694642488647
SOCS3,0.07572358843888578
TTC7A,0.008039945614761818
MEN1,0.005434947125877061
GPR137,0.005082435479495118
KCTD17,0.009465912025257626
ZNF638,0.005079881982745905
SLC13A3,0.010425431341247215
POLR2M,0.007181373491467658
EVA1C,0.014004392981769675
PKD1,0.0060681298988997335
EIF2S3,0.007374544955216744
S100B,0.3095619372102563
CAMK2G,0.0067571687675627035
ETV2,0.006577633798101805
CFAP70,0.008176892776894496
KCNE3,0.012250434624135201
NUDT11,0.01183745772518892
MCTP2,0.008767734554403404
COL8A1,0.03289407835722505
ENTPD5,0.005988966900711315
KIAA0895,0.00874747931964344
STX19,0.0466852524776466
CSAD,0.005498823464186537
COMT,0.00523134294506806
FOLH1,0.009584615215359185
FADS1,0.009235784306815799
USP1,0.00727607780405138
ST6GALNAC4,0.01387718146323202
PPP2R2D,0.006051324969704533
BICDL2,0.009790240502125975
HCAR1,0.10848317165194063
MAVS,0.005138163605610182
PAG1,0.014880887740840155
PDGFRL,0.12901231414413208
ITPA,0.00776672934404844
L3MBTL2,0.0062958053251643085
RAG1,0.007500652824953148
DAGLB,0.007129027789132247
KLF16,0.007708087588929148
JTB,0.008639573970137326
TSGA10,0.006190854944074854
PALLD,0.00979792135990243
TMEM63B,0.009416437679469909
MBD1,0.0051257432763714425
CHPF2,0.009194492458568682
PLEKHM3,0.005276077770713892
ENTR1,0.006998146634857548
PRND,0.05360278645075998
MTMR11,0.018971543862453543
DSG2,0.05229344290614731
SHROOM4,0.03992485072573892
RARA,0.009149522729569535
ZNF195,0.005141549623921902
SNRPA1,0.008189848145277828
MARCHF10,0.008200531997083612
C18ORF32,0.0052362579956392674
PARP4,0.006566498870276308
SNX21,0.009093223061446856
VPS37D,0.03418047835896496
NBR1,0.005442620314198109
PDP1,0.011614295725315995
LUM,0.01707053335367415
GGTLC1,0.48568104834079445
CRISP2,0.016365698995517933
GAS7,0.01369268245639921
VSIG10L,0.018598550948330732
BHLHE40,0.013754711676679954
NCF1,0.023819203412664386
CEPT1,0.0050828475862801726
TMC4,0.009281179454637679
TSC22D1,0.010043546840110565
BAZ2B,0.005143381588947443
H3-3B,0.0069970865383402565
TNFSF8,0.011432665695293501
BRD7,0.005179832824557398
GTPBP8,0.006824122255139677
TTLL12,0.014628465628710697
KIAA1143,0.006168425864797779
AC233723.1,0.007275306871244863
PGAP4,0.1109562032275624
TMEM101,0.005077929708401211
ACTA1,0.010880511033604838
PGAP2,0.0068273971592528555
MAMDC4,0.00791716906318544
MFSD12,0.008492037072420227
ITPK1,0.008432633460986586
PRRT2,0.008776671070247806
REEP1,0.027533010257023757
THOC3,0.010129120658454692
GPR18,0.00957657606045086
RPS15,0.005197013084112338
PARG,0.005077994841554437
DBH,0.009747248589401895
USP42,0.0051779471568436505
PUM2,0.005078427939361488
UBL5,0.005073718090740551
TUT4,0.005103605792667897
SLK,0.005294145360798371
TXNDC16,0.0070031385399157795
ZNF552,0.008551297785019209
WDFY2,0.005103312438979358
NSD2,0.005506913105417065
H2BC12,0.015949974344248705
TFPI2,0.6180369864317878
ZNF580,0.0072641160630795565
BIRC6,0.005103866324992686
PPM1M,0.008345726125079656
CXCR2,0.2091212523981488
ROS1,0.2239474371947062
UBE2M,0.0050976822908533155
PLPPR2,0.007846967704957446
CKB,0.308769378168163
AP4M1,0.005243908883197823
IFIH1,0.007632727224388103
SUSD2,0.4349304521832044
ZNF219,0.02179364960388568
C15ORF62,0.009262975985254088
BCL2,0.014814656854351262
TNNI2,0.06187206360213589
SLC52A2,0.00604576157175321
OGA,0.005079164026544552
CXORF56,0.0064628612502791154
CD1E,0.11920633264548346
TM4SF1,0.018073822188774936
CEP76,0.00520717907051052
TTI1,0.005228693881573997
AP5M1,0.005078219603717929
KDM2B,0.005397900845525945
LRRC10B,0.05096624309886154
IRF2BPL,0.008397079474742353
AQP4,0.38707692128912274
PVALB,0.01622411029949763
PIAS2,0.005121201011046804
PSMB3,0.005123143754439142
COL13A1,0.01357069192284317
WIPF1,0.008492769032510682
REV3L,0.006277190121483164
RHOD,0.012663727063900745
FGF7,0.029078290820690123
LSM11,0.00515640881183813
NOS2,0.013516830702671677
YPEL1,0.007555743832429518
FKBP8,0.005265254577775815
B4GALT6,0.009828835677067325
FAM219B,0.0070982810610500284
ARHGEF35,0.028022542285242882
ORC4,0.006500960048704495
CYB5R4,0.00749956252342904
GABBR2,0.23201918499858865
DOCK11,0.010898051363446019
C5ORF49,0.031458166836023246
FBXW11,0.005086363458007238
WAPL,0.005070245816221708
TMPRSS2,0.317297557040578
CYBB,0.05352922205347061
TADA2B,0.006346631331588863
CAMTA2,0.005262142949883698
FAM114A1,0.008382765615561285
HPCAL1,0.012183170085883786
PEX2,0.006820560359183464
FBXL19,0.006540714372902694
TMEM170B,0.006404076456920283
C11ORF95,0.006869059695907173
PTTG1,0.062080382847724665
NOS3,0.03776201956717809
ITCH,0.00507348511702777
MYBPHL,0.07112647999378065
CMBL,0.15315955372807025
ISCA2,0.007383667537856899
NPAT,0.005087892565537186
APBB3,0.006383455021088521
LIN9,0.009562750785842379
REXO1,0.005193793873044154
TOP2B,0.005072102600486648
STK31,0.020615009051583748
CHMP4A,0.005170230714895314
NSMCE2,0.007601039231161936
FARSA,0.005090851313071563
ZNF853,0.015702463149404697
TPST2,0.008279549983141435
BMP3,0.29435521355805994
BORA,0.010802497325658165
THOC2,0.005068250758625481
AMN,0.01980044476240437
UQCC3,0.00861427505375609
PPL,0.012066651987062806
LONRF3,0.014557265674166629
EMC10,0.005095976362579261
EGR2,0.16483485724472827
FBLN5,0.058842789605109094
BRAP,0.005370824190155997
PCDH1,0.011192269815623197
BCL9L,0.008152935934409692
ASB3,0.006443804573009149
HECTD4,0.005180365630698299
UBE2G1,0.006698404867982409
DNAJC14,0.006403775003583505
ITGAM,0.055303830385333784
BCL7B,0.005096011148382239
ARID4A,0.0051137408920416795
MFSD13A,0.008059077379826723
SEC22C,0.007199654931020569
ZNF469,0.010540460216625587
MLLT3,0.00816734099874663
CCDC107,0.0051653587988965384
TTC39C,0.013575403332489246
NCR3,0.012892543543828534
QTRT1,0.007299758188447798
CDH11,0.019081078261000885
DNM1L,0.006824750030298358
LYVE1,0.3211577638594623
RAI14,0.006543696025392025
ZSCAN21,0.0071911047092787644
FAM214B,0.007508064744322283
MFAP5,0.16480762406205463
DCLRE1C,0.005098330865677117
ZNF197,0.0050738499348359145
HESX1,0.006975177123614917
SPTBN5,0.008161931285422263
ZNF423,0.009139585290390058
RHEX,0.05832224514491883
CCNB1IP1,0.007248949641670791
SEMA3F,0.009526310877638163
LAMA2,0.010503853022308886
WTAP,0.006959107110180645
EMP2,0.025590952908260644
ERAP1,0.008126726495598436
RPL31,0.005831205623826209
FOXF2,0.016936390057594446
MEGF11,0.017206517404501593
THG1L,0.007064798160207043
CALCOCO2,0.006142938367235053
NCKAP1,0.005698415652164718
CLEC4C,0.008429750605086113
LANCL1,0.006900002638167074
DUOXA1,0.11263292661027642
CLDN16,0.011317733911592685
ATP5PO,0.006900244997609082
TSPAN2,0.015810421655075714
PLCD1,0.008692461449191323
SS18,0.0051504343659374
ELK3,0.008812530770271842
EDIL3,0.23838299301813284
YPEL3,0.007731902491355412
MAML1,0.005144389961451744
SELP,0.14069919235015585
ZBTB47,0.007216842360755273
MROH6,0.13970786707364133
COL16A1,0.018491956867347864
CDCP1,0.03508068310106468
HAGHL,0.011439625001830642
KCNK6,0.00825315758750544
PLXNB1,0.00656848771095577
FZD4,0.02361434456253995
TRMT1L,0.007038931371673366
TLR7,0.012940596563802356
BPIFA1,0.6247965376587223
AXIN2,0.01801612562450542
DHRS7,0.007544463964167141
IFITM1,0.04908634078292163
UBL3,0.009787047537866179
TSTD1,0.009749157158344868
ZBTB18,0.010257698319391365
PSMA6,0.01047732604099755
SEMA4B,0.02357216925238654
LARP4,0.005080876143910435
ZSCAN20,0.00512447318310257
TNKS2,0.005068506052842167
C22ORF15,0.009290035756838167
FUT1,0.010619987571900408
PREPL,0.006377502067577922
MAP3K10,0.005462199061304124
NUAK1,0.016555159060371954
MYO18A,0.005322721529014638
TIMM13,0.005085551360002012
NCLN,0.005095440988848745
BEX5,0.10539575398992647
SIRPB2,0.0140001566868714
DZIP1L,0.009128166077506328
PLAC9,0.1444795101245233
AGFG1,0.005079819241575787
DLGAP5,0.43072347878306344
VN1R1,0.005796472878605973
ADAM9,0.011561511450489401
PNPLA3,0.02648501382025274
TRIB1,0.013228561093422258
CHM,0.00594892487919791
IRAK1,0.005669577714700697
C12ORF57,0.00623312967602609
IRAK3,0.13402095001655326
NTPCR,0.007227837992003986
PDP2,0.007831154074968802
CNKSR1,0.007979144704963836
DNHD1,0.005177351730496221
HMGXB3,0.005767073891062185
S100A14,0.03095509702977664
CASP3,0.007370557508194639
DNASE1,0.006067069350458793
CYGB,0.010776556902252312
FLRT2,0.01303399327868394
SRSF3,0.006721056636151907
GJB2,0.6124693243319783
ASPH,0.028192381315497082
SLC6A9,0.00822560279481628
SENP8,0.005538545915940254
RPF2,0.007214725501707044
TESK2,0.006941719397699937
ZNF385D,0.009483350141129896
SIGLEC9,0.016068211050477333
LMAN1,0.00712300144930767
NPTX1,0.18315251042852118
RPP40,0.017866739428283585
ADAM22,0.008540264846190207
HOXB2,0.0808960041400452
AGER,0.36077284223983197
ALCAM,0.009558173353261305
CPED1,0.02692024106384767
CNIH2,0.008524754134465323
PDCD4,0.0079657100713049
AVEN,0.008129647780846351
TWSG1,0.007401897233086584
ECRG4,0.07736677017255805
RPS6KA3,0.005091912331707609
FGF1,0.020305177604856284
MT-ND4L,0.009722387153825878
CYP4Z1,0.012558229021419932
HS3ST2,0.07338809195541274
SH3BGRL2,0.015432217974400536
OSR1,0.014141824243014918
PTPRZ1,0.03533606854813112
COL6A5,0.02138375791957675
TMEM259,0.005078969643693041
PARD6G,0.00895353610683795
ADCYAP1,0.04300989078492919
DNAJC16,0.005067665961003487
ZNF142,0.0051088367345901034
SSRP1,0.005633443890397916
PCSK7,0.005113312982246537
STX10,0.00509523168802832
ZNF229,0.047216399179394
TOMM40L,0.008209376214205194
BAG3,0.00922688213384163
HES1,0.012678474000616481
SHLD3,0.0074852273962297995
FGF12,0.02562948964728486
CPNE1,0.007929794143989295
SMIM8,0.005152815827936758
PRLR,0.14168411809946627
WNT7A,0.06034479677920859
KLHDC2,0.006897242830822848
MED16,0.005072992246037763
TBC1D13,0.006640948248483033
S100A4,0.19477704131600257
CARD16,0.018221997708276393
CLEC11A,0.04815916331355701
LEO1,0.00752284538849622
STXBP1,0.009332426272716455
SLC25A23,0.007351204182842272
ALG3,0.005457345587942244
RHOF,0.0079970549079541
RBM12B,0.005181666922765771
HRH1,0.009060165831150584
LILRB2,0.03591161605759794
KNDC1,0.06573915598081191
SPINT2,0.009991386097338682
AP1G2,0.006041636038039041
USP45,0.005142813273555569
SLC3A2,0.007397052181811129
ATP8B1,0.008260919717150147
SEC24D,0.008879460857243912
TFAP2C,0.03394154316170854
EYA3,0.005065769604713496
FLII,0.005701938237442428
CPXM2,0.07845897005901889
RALGPS2,0.026233603306786053
CABCOCO1,0.03396247272096762
VSIR,0.01306098758174045
DEFB4A,0.13946727085855012
CCDC163,0.012401422584328865
PCOLCE,0.04700742064548739
NOD2,0.007467050070597546
SLC1A4,0.009296192434498614
FAM167B,0.037418898987741325
NEDD4,0.006395579765530096
ZSWIM5,0.00652299381297714
AASS,0.027847587784788887
IER5L,0.02479677705445371
ROR1,0.021708652019213976
FBXO15,0.007803423553206964
CACFD1,0.007357404629182558
ZSCAN30,0.0052790774832689675
SFRP1,0.3232265967122159
ID3,0.018406134699494082
RAB25,0.01043174478253269
HSD17B14,0.049125757974341405
FBXL2,0.005410484897616463
SERPINB5,0.4140832385607178
MAP4K5,0.00506487855951734
MEX3D,0.011232962457897205
JMJD4,0.007284245036796901
NUDC,0.005076113617272194
EIF2AK1,0.008342323412095834
MET,0.1830654649701647
AMMECR1L,0.005869532148951655
CCNY,0.0065259543486874405
UBE2S,0.05965335713683158
SNX30,0.02473384868933686
KCNK3,0.19018463794384652
SAMD14,0.01117337554099914
INKA2,0.011794286440769434
TTLL4,0.008100490965704352
MAST2,0.005532432084608201
PIAS4,0.0055829941892841335
LPXN,0.009462607976451914
SHISA2,0.3301189052413559
KCNK5,0.04707479831920478
SERPINB7,0.09975623787649866
BCL9,0.006579200158641112
TMEM159,0.00888724977605525
CALM3,0.005935973469239729
SAMHD1,0.012339198794938697
GDPD5,0.008618303010605578
TNKS1BP1,0.0055853503704858054
PLSCR4,0.011589870340063552
RAB10,0.007152352322191047
NALCN,0.006297072980789009
EIF1B,0.0069677012687837546
FERMT2,0.010838348368003245
ESYT2,0.0062613203061494946
WSCD1,0.01121625800119849
NIN,0.005091224198292639
CEMIP,0.3505881879676572
ZNF367,0.014368100874200885
ZNF865,0.005803833526910859
ATRN,0.005209299142710139
SUPT6H,0.005126060334901376
CDS1,0.00808787101192592
NXF1,0.005420697777464174
TBC1D19,0.005112285183486424
ZNF268,0.007025067122922092
SNX18,0.007390210038747003
ARID5B,0.005733699686447992
TCTN1,0.005871099832765813
EPHB3,0.030467408883635333
APOBEC3F,0.00871891171102237
SHROOM3,0.009517381036785006
NOSTRIN,0.08321665317500407
ESYT3,0.042083939777239336
SLCO4C1,0.1385169449675911
ZDHHC17,0.005090546376901821
GGH,0.02403098369321042
SPTAN1,0.005375627058654013
MORF4L1,0.006774940545991345
LRRC27,0.006782621650994123
DNTTIP2,0.007309636883442205
PCDHGA6,0.00847630827543793
SKAP2,0.007565329042192436
PCMTD2,0.005819825580063805
FGF2,0.010468749706497827
LIMA1,0.0074892753364603215
MT-CYB,0.010450870026376126
SLC10A5,0.00662381081287504
ARSD,0.010073777005530466
HMBS,0.007121306338015733
STX6,0.006020953161593915
MRC1,0.36179278127878034
DNAJC1,0.00659192120182572
KIAA0319L,0.005266953425956962
FBXL17,0.006084830668702545
NAP1L2,0.019639018730552637
PROM2,0.4523837806836355
ZNF852,0.005133367439588988
NPC2,0.014657862690497899
PDE9A,0.008753703045402593
SLC29A4,0.23340956204177563
ATP8A1,0.11623591706872063
LRRC73,0.008775551150366273
ZNF224,0.0051215421631720616
RANBP10,0.005946707107714862
ST8SIA6,0.2408231465263109
ABRACL,0.01023991400232045
THBD,0.04195499354804219
RAB41,0.00678117664831127
INTU,0.005124074135492131
WASHC2C,0.006208833764729923
BPTF,0.005205848317854555
F10,0.02324728163041949
OVOL2,0.01226046514666868
C5ORF34,0.018629668379543694
TEAD3,0.007262932894258901
ZFYVE1,0.0056639668633552635
PITRM1,0.007143720194035211
SLC36A1,0.012186002705774855
KCNJ8,0.02138854985603207
SCARA5,0.2464141975724936
EDRF1,0.005109627739127719
PSPH,0.0192381001733316
TMEM256,0.007105054159400555
EPHX1,0.02530303504177577
CHST3,0.03138748826163867
IKBKE,0.011218041041755937
CTSO,0.007605837449494274
FZR1,0.005588776311033609
ROBO1,0.01022227949640206
PIGL,0.005479987809059567
MRPS14,0.006642417873635706
CADM4,0.03706308512001613
HMGN3,0.008043613071297901
PLPP7,0.006791929398724363
ADHFE1,0.0053758735949471816
ATP8A2,0.00979294036400503
BBC3,0.008856998366982064
ZNF799,0.00518012422668613
MCM9,0.005101046246551485
CAB39L,0.014636745232712262
UBA6,0.005128789895505686
APOL2,0.007285953644610574
RFLNB,0.013651501756182596
FAAP100,0.005074998463183039
CASP8,0.007342571931566627
NUDT4,0.0050919885737750895
FAM171A2,0.06421666007553331
NENF,0.0050884959858481195
C2ORF68,0.007019719862831345
POMK,0.009503429132174156
HIC1,0.01017941442652084
CDH26,0.019378286167776683
NANOS1,0.017073411166477755
FGFRL1,0.007752623452954635
SECISBP2L,0.007446476618025123
TMEM186,0.0063426425735424105
CDK17,0.005105628220505439
ZSCAN26,0.007292558482302466
RASGRF1,0.11833973908296169
SRGAP2C,0.008147583378521978
PARP11,0.008007203967800343
MSH2,0.010250764368593781
RASL12,0.029088376326901193
BTN3A3,0.009755208463784209
KPNB1,0.005419062636731691
HAS3,0.32738717616413443
TSC22D3,0.018525880536584376
FAM111B,0.26695808953030403
APOBEC3A,0.12363188537189751
TBC1D7,0.007599642484194935
NDRG1,0.012642737460254898
ZBTB6,0.005125019996459662
RPL18A,0.005259161978032079
TNFAIP8L3,0.015502266081829348
SUPT3H,0.006964712181996531
CDA,0.5415111738568529
UEVLD,0.0068619344204039565
HROB,0.039612846981198956
SLC36A4,0.00823819918846972
ARMCX2,0.007857925652624154
USP24,0.00506632040449165
MYOM1,0.008830329278503118
COL1A2,0.07280805763086692
LETM2,0.007817588249674708
SAC3D1,0.005359817462011277
IRF2BP1,0.005479091699206429
MT1M,0.5351329743152531
CHSY1,0.00982142900184643
NTN1,0.08798960989971509
AIM2,0.39853037012826076
MYL12A,0.007055048361477882
CDC25B,0.009805198829658334
ZSWIM3,0.006906077344883954
TUBA4B,0.027188923237011914
RNF19B,0.006776677156905274
TRIP12,0.00508081143951675
DPYSL3,0.013026532882144715
HASPIN,0.02203667520428169
SRRT,0.005288631161573367
NPR3,0.1533511665359415
ITGB4,0.22079858277730502
ANG,0.012006722866050562
ASB1,0.005367895918174569
ULK1,0.005404399776082247
RDH10,0.06420241976082863
CP,0.4080215329905503
CCDC117,0.00705910592841536
IGF2R,0.006326965368429355
RSPH1,0.03157960107068785
SLC7A8,0.028291232570091075
FAM98B,0.006243371850715968
PFN4,0.009716014821947805
AIF1,0.018534451774236103
UNC93B1,0.007548091566011293
EIF3I,0.005099078546228779
PLCG2,0.008540610193155674
BMP8B,0.009439784994476437
OSER1,0.006783415673297287
ASAH1,0.009437290321150168
PPP1R3E,0.005322206037483406
ZNF277,0.0071652684613418656
NCOA1,0.005146546773790852
ELOVL2,0.022805105748692545
FCHO2,0.00779922134899038
ZNF433,0.005145562903702841
ST6GAL1,0.007697496837279859
CA3,0.124463547638653
SMAD5,0.005071991579037414
NANOS3,0.00688027029102614
HS3ST3B1,0.01006451942949528
HMGCS1,0.01283316581614892
GEMIN4,0.007418229152084968
HACD1,0.01548205128850267
APOBEC4,0.01131816161326615
CTXN1,0.07318973539550876
SNX24,0.007185313468217485
GATD3B,0.0071599871714061085
DCAF8,0.0056607652876460865
ZFHX3,0.005150614321701243
FAM161B,0.007162265604663328
ZNF621,0.0050676786302870265
MPV17L,0.014848254684545417
DENND2A,0.017621304593948502
AOC2,0.007300486581825279
PTS,0.008229851220583225
NLGN4X,0.030809779241736675
CHEK2,0.00944303278060566
FOXRED2,0.013500952275648593
CDK19,0.005065471533326491
PDE5A,0.010238337229018945
HEATR5B,0.005075313800119327
SERPINB9,0.013585676219944207
BLM,0.020234167898441655
CLSTN1,0.00609074794289846
C1ORF226,0.013816500283313084
PFN1,0.005089120070981758
OXR1,0.007498098114917567
SLC41A3,0.006827442327410121
E4F1,0.005809610095866967
KLHL3,0.009027927970305034
CEP55,0.5598792784554941
TPSB2,0.27639959259097047
LRRC18,0.010650210235109927
PCDH7,0.29661851361491565
VGLL3,0.016786192281208222
IGSF8,0.005327510841813063
FLT3,0.0073525805184632845
RPLP0,0.005156707881281964
NME5,0.029644320245695136
CLDN3,0.3966257215754133
CLDN5,0.23742700920759113
ETFBKMT,0.0065718285564076535
EXOSC5,0.005987189757961159
H2BC11,0.12067930874260857
ALDH16A1,0.006081340371716868
ZNF383,0.005095323805912516
TMED6,0.009569155998988723
PPARGC1A,0.029961982456753366
PRRC2B,0.005289596586396304
JRK,0.005161012434029924
THBS2,0.4420203385481468
BTBD19,0.013693115108999445
ADIPOR2,0.008578690997824719
RASIP1,0.0523249847299052
RHOG,0.005099433927713238
ITGB1,0.008673553798086911
AEBP2,0.0050768919123356385
ZNF85,0.00928814574948802
PHRF1,0.005279194715485953
FA2H,0.17473804696905385
AGBL3,0.005375864237969862
CPAMD8,0.19267376311388762
TACSTD2,0.012175919529587
SORBS3,0.011504270802511698
TRMT61B,0.006955805759423014
CNOT8,0.006936616358304777
ADPRHL1,0.016839419125536458
OSBPL5,0.007080604780620706
PSRC1,0.01637025269571019
DDX3X,0.005104700035455542
ACTR3,0.007675240364247436
UTRN,0.010919723328880528
PLEKHG3,0.009517460711815055
CLCN2,0.007297272029206402
GAREM1,0.009207399531952973
GPATCH2,0.005130138353907644
DYNLT1,0.007299950179491786
PLXDC2,0.013414945133504597
CNGA4,0.009775958851485128
PEX6,0.013472275398128257
ZNF385C,0.006748829740607412
SSH1,0.0066963594600115365
ZNF544,0.0077527329534533155
MLEC,0.007304698748115375
DZIP3,0.006245813903430547
RAP1GAP2,0.006680140866622785
NFKBIL1,0.0050932146349320214
BBOX1,0.042797680677012104
MIPEP,0.006194990968686927
SH3BP1,0.007455817838611326
RCOR2,0.15554080675678697
MARCHF1,0.0060751586213420045
ZYX,0.010139935621924029
JOSD2,0.00533784877694435
RALA,0.008140018946254338
HSPA4L,0.01099970221754706
UFC1,0.007569460841027091
HAPLN1,0.04887233448333366
CFAP65,0.00856281767281674
ZNF185,0.007727163271719835
KCNF1,0.042926392879051915
MTHFD2L,0.005168743298185441
CCL26,0.07579020095822467
ZFAND2A,0.00839070668869006
DDX6,0.005071239250710252
LOXL2,0.26100956190107355
ALAS1,0.007639382356658515
E2F4,0.007056604186619462
VAX2,0.010904639758098064
ZNF616,0.007071045313074615
PRRC1,0.005876898366979658
BNC2,0.007561258937081717
C11ORF97,0.021320878093797145
IMMP2L,0.007221556343356519
CMTM3,0.013227474691590588
ETFRF1,0.007589579106798987
OVGP1,0.011275787782696257
PTCHD4,0.024762549425164978
KDF1,0.00736174939935436
P4HA3,0.09011631489577346
TMEM97,0.008772826693476801
CD69,0.11021310993331415
ZNF517,0.006457526299639935
NPEPL1,0.007303166166607786
WNT2,0.03723234410517143
UQCRH,0.0052093016800511815
NBAS,0.00506859933522757
CASP7,0.006719627207619991
FO681492.1,0.01513162915123513
TMEM125,0.1305344768670576
CCNE2,0.013564478055063054
FGFR2,0.17503388610871076
BMP2K,0.005176237423716943
FAM120C,0.005981893243910275
FYB1,0.01129105285402065
ARMC9,0.007337246685361383
NPRL3,0.0074208575960497064
AVPR2,0.013706113987438475
NTS,0.11556469994332601
CHST1,0.037149043687288434
ZFAND4,0.005089577390659774
FAM177A1,0.007633017092019358
PRSS12,0.07969423754065329
ERGIC3,0.005094618877321788
UBFD1,0.007322139202157417
FANCI,0.01870473612250184
ZNF629,0.005182664055320272
TASOR,0.005070009012682925
AUTS2,0.008073055152991039
ZNF699,0.005136591760362048
MMP24,0.019980885050434105
LARP7,0.006359199412152988
GCN1,0.005178822011630772
IMPDH1,0.006273357714612393
TRIT1,0.007998369584394462
METTL8,0.005566800329752529
DHFR2,0.006721862848615677
POLR2L,0.00519515855412349
PVR,0.008186362379650728
CRTC1,0.00540827793031618
RSBN1,0.005072491850745207
CYRIA,0.01168264645112727
NEK9,0.005128783302466613
SPAG9,0.00509164920733686
PDIK1L,0.009981206195020199
XPO7,0.005144872094263924
TMEM71,0.024564344631799278
MFN1,0.005072997499999521
MRPS21,0.008083417140154092
SLC35F5,0.005891733524819901
POPDC2,0.007227149910610931
MANSC1,0.00912273535085235
ZIK1,0.008832618611308362
MFSD4B,0.005437648199861411
GLUD2,0.007665545980160599
BAIAP2L1,0.011311836557056849
HSPA1B,0.00997391006499406
WDSUB1,0.006899285576264938
RERGL,0.03615856273495197
WIPF3,0.012918265192517502
MAPKAPK3,0.008310844640272916
ZNF543,0.005119405769140779
ITIH3,0.008035030302763676
CEBPZOS,0.007225327405978047
ERN2,0.3493699845026926
CASP4,0.00692925005887776
STARD8,0.040494208031953555
PLXNA4,0.011869004578680451
CCNG2,0.008657512211164252
TSPAN5,0.011385767112729248
PGAM5,0.00872327022261198
WDR59,0.0051979539091403515
PPP1R1A,0.012232996702769039
PMS1,0.0050714780285161885
MYO1F,0.01127778808781266
ADCY1,0.017762737217176014
PCGF3,0.0050682620194815705
TBCEL,0.005075419708987446
EIF5A,0.005127137272175897
TRIOBP,0.006074596839404033
CIBAR1,0.00806759003879378
ANKK1,0.007731302662741329
MRPL17,0.005090103099739825
CNOT6,0.0050717001799505295
TMEM165,0.0077517724064587205
SIPA1L2,0.01374873773024813
PYHIN1,0.007910824741403638
ADORA1,0.08962189639414239
TAFA5,0.016868725363606785
SOD1,0.007710009621868096
TMEM140,0.008589074264898496
TRPM7,0.005096703863596108
DONSON,0.009713334625547333
GPBP1,0.005140476184593243
DYRK1B,0.0075837956236169315
BEND3,0.007972805294340489
TMEM254,0.007258575001962497
LINGO1,0.04802882875121703
PHLDB3,0.009335015585253422
ZNF345,0.005100106364533876
LPIN1,0.007884319002049393
FBXO9,0.006928840521734799
NME7,0.006548616467773446
GSTP1,0.006050075841327662
LGALS8,0.005442019711168595
ADGRE1,0.10004335620328261
SRMS,0.019075277550725897
PEX3,0.007081161848187538
ERG,0.035390451335590184
ZMAT1,0.008865785725789081
COLEC11,0.010817218091550056
AMD1,0.007701074673957905
WDR48,0.005068438165047909
EFR3B,0.015083469150169
RGMA,0.011460496779641343
HSPA14,0.007081584390313596
ATP13A1,0.005076042370198758
AC072022.2,0.006732756886082231
CDC73,0.00507686663208853
ECM2,0.012828538515592753
HOXC4,0.027786449642851287
RNF182,0.01836653760499611
TRPC1,0.009569355151951854
ZMYND10,0.0378742803803916
RALGAPA1,0.0052645132018742935
LEMD1,0.181175911746088
SERTM2,0.015016622052819105
SGCA,0.05621361885545701
RGS10,0.011754534093995147
TLN1,0.00552641448401208
ARHGAP10,0.007317230729650863
KRTAP5-1,0.02030920231564089
SLC29A3,0.008278401364960209
VPS4B,0.005988427715747576
KLF7,0.005154285322104499
PHACTR3,0.1408406164763564
SLC16A13,0.008724617431675116
FASLG,0.012277414597822113
TGIF1,0.007911699539940677
RPS20,0.0052613295193026125
ZNF503,0.010883781253023498
NLGN2,0.008260721569281258
CMTM1,0.011403752230954495
TONSL,0.01659120249029724
LEMD2,0.0056528568196385276
ZP3,0.08030078061658263
ITGB3,0.09860024762672791
SAA2,0.16429311264491536
HSP90B1,0.008329973391104611
C5AR1,0.18963683420149682
DGKD,0.00810548210699083
TRRAP,0.005242831709343504
TMEM201,0.006937959516787433
RPL19,0.005086504564784206
GSDME,0.015341224160900448
EHHADH,0.007670784640604159
TTLL3,0.005510281470952736
TFDP1,0.007698502115166682
MAPKAPK2,0.00699829270788806
QTRT2,0.005092633833177507
SYTL4,0.008005683253648551
XRN1,0.005106984005422432
RAP2A,0.006085006301890911
MICAL1,0.00825278908558495
SLC12A4,0.006954646762835948
S100PBP,0.005086706310841974
TMEM273,0.018717587012164746
MYBL1,0.022417779576612444
FEM1C,0.00508860912815135
USP10,0.006568334629891734
SPART,0.007629603560976905
HMGN1,0.007178411636639072
KPNA1,0.005073746818377354
SNRPD1,0.008358520457931107
ANOS1,0.31265924435844217
MMRN1,0.13471619195876292
ZNF813,0.007325967926428238
EML2,0.006493668682493982
WASH6P,0.00760431805563685
GABBR1,0.010577915567480431
UFL1,0.006708273750368751
METTL15,0.0050977359560118105
TMEM266,0.006458165467359232
PRPSAP1,0.007078725198335007
PXK,0.005094579985752583
ECHDC2,0.006771095739477619
MMP13,0.6320481494622437
RBBP8,0.008079573176171237
FAM89A,0.023627327142731042
ZSWIM1,0.006805257560710816
LONP1,0.005087023451947495
SLC34A2,0.10464089926713102
RGS1,0.3110205320410169
DMBT1,0.5543590573366082
ARID5A,0.012374984936916208
ARSA,0.006165472053562459
ZNF704,0.012896331777061797
RB1,0.007478223735818193
SPON2,0.028126027032576627
UBASH3A,0.008878735509136903
PCDH12,0.0327061731438814
NPAS2,0.024015151744469485
MPZ,0.006818844444841857
YEATS2,0.005196402618422045
KIAA0100,0.005964610217743806
DENND4A,0.005153064308273158
NEMP1,0.008007664958023441
USP49,0.005111845772991929
HTRA2,0.007325300905780635
CTF1,0.024149019826422494
ZBTB11,0.005067697283352216
DNAL4,0.005240151870041875
TMEM45B,0.03490069724484286
VAV3,0.012775390146720871
SCRN1,0.008961753046643307
DDAH1,0.008967756397366381
RBM28,0.0051361964943104094
CHD1,0.005074853926741695
ZDBF2,0.005208282360123512
IFT80,0.006342704665905883
GUCY1A1,0.01725745081322076
NCOR2,0.005415550961183678
RANGAP1,0.005215247455510558
TOX3,0.14568255120138157
FAM234A,0.005480086567433092
PITPNC1,0.009079420920640076
ULK4,0.005209052836926738
HNRNPM,0.005663375514930373
FBXO38,0.005069546081043043
TBC1D14,0.006732389981894076
MVB12B,0.01351842693596006
PIK3R4,0.005074627427211853
ATN1,0.0056766659158521025
ETFB,0.006815826221751669
ACVR2A,0.005076805433423755
RBMX2,0.006657873702641419
KLHL8,0.006618751635582584
ZCCHC2,0.0062561451732535195
PRDM8,0.010640054888585194
ERICH1,0.005205301962694261
ZNF837,0.007281217793721003
CDC45,0.2795484567274061
RTL8B,0.007825839269907644
IZUMO4,0.008682226555692946
PTEN,0.005082594099913765
ZNF175,0.005137064559140118
TADA1,0.008719215866988945
ZNF467,0.010705418686085311
ARL4A,0.007091482325486728
GOLPH3,0.007237057352023135
LRP2BP,0.007289515771971799
ZBTB22,0.005868567471441326
BRI3BP,0.009452991105887017
OTX1,0.03672760613415413
NFIX,0.014818905801901368
NKX2-1,0.13012807822938185
TP53,0.008523530104486182
FAM160B1,0.0050674850031235275
NIFK,0.008776196562765197
ZNF846,0.005351635783094527
NFATC3,0.005098443633402785
SRSF5,0.00756346968209896
CXXC5,0.008545579289246636
NFYB,0.007275541706841964
CD44,0.00997964171900557
SNX14,0.006853393969318032
FAM71E1,0.007848725753620903
IVD,0.0077495509670307584
VPS37B,0.008411808364989396
FAM118B,0.006955961661098313
HPS6,0.0050824469721440155
TNIP3,0.05248085988622525
PKN2,0.005089645291290621
LRRN4,0.3453891138485721
USP51,0.008839526048529868
KAT8,0.006216545376685626
STARD13,0.012166443089458821
RPS6KB1,0.005070797900608376
SAA1,0.41261698706880096
SMOC2,0.06114622656445592
GOLT1A,0.01642398393155472
EPHB1,0.03930375651377613
FN1,0.02772964783842915
CRIM1,0.011374667004837158
MEX3A,0.5702343792067703
ADGRD1,0.0781390096757449
STARD4,0.012911993581396582
CPLANE2,0.008418212454176432
ZNF512B,0.005310608930287998
CCDC25,0.0069905974990422315
TMEM161A,0.005232998565257013
AGPAT2,0.005933940745503678
SRM,0.005245290457568272
CCDC65,0.009209353054543701
PCP4L1,0.26869887227074823
NPFFR1,0.011064636271393367
SIGIRR,0.00629691527614339
ZNF257,0.012610059171477311
HCLS1,0.010550190996161462
TMEM54,0.005764342331673934
EPPK1,0.014388123317054281
TTC28,0.007335141002895423
CYP20A1,0.005213828001901061
CAND1,0.006320421198675385
KATNBL1,0.008160367685847093
EHD3,0.009285970383531707
MRPL42,0.007415408441478752
ABCF3,0.00566068677851022
UBE2Q2,0.00733845574657102
HGS,0.005505519885049808
GALNT10,0.009344157061620183
SLC37A2,0.023786055702469132
TNRC6B,0.005242809213123549
KCNN4,0.4173494232285411
ARID2,0.005108014448935934
BRD9,0.00578564661061465
SLC35G1,0.00709437341561555
C8B,0.15419489335151546
PDPR,0.008743919514540241
SAP30L,0.006695742523296727
EMSY,0.005122850696256881
THBS1,0.035120465358987635
SLC4A5,0.012544715470982279
AGO2,0.005296856091228594
RPL9,0.00706175264131321
SYAP1,0.007523425673807193
RSAD2,0.05855934663534129
FMNL2,0.0064412094797319745
TCEA2,0.005971344044162987
TDP2,0.007833346469182666
MCCC1,0.008069812248427951
TMEM123,0.007309307522319758
CD276,0.00857241394459843
OSBPL11,0.007684650568973801
JMY,0.005097311548762991
ANKMY1,0.00611811289761016
MRPL47,0.007747143791018418
RAD52,0.006028855553234503
ACSL3,0.007862751420114358
ALOX15B,0.5232287042546089
TNS2,0.012159396108523915
PRPF19,0.005093427989434171
FBXL8,0.008327136965238785
SPRR2A,0.07251739539342844
SHMT1,0.007699567751397482
SLC35A2,0.008560867539166229
MS4A6A,0.016190103913759156
SUGCT,0.06005514642491315
YPEL2,0.005107969619843994
GJC2,0.013795433186311972
FAR2,0.015397931671536401
RAD17,0.006215019714166463
ELOB,0.005218247877686208
TNS4,0.1857275436309198
HOMEZ,0.006946333982241694
PRKAR2B,0.011324815435027578
MON2,0.005111918489726725
FASTKD3,0.008620410324942145
CEBPA,0.0836692516897268
ANLN,0.5979680652869409
THEMIS,0.008994331178033934
TIFA,0.007218286954574784
DIAPH2,0.005116123577945973
CENPC,0.005096070186061388
MDN1,0.005187861070367945
DUSP14,0.009056168612738646
MELK,0.4522687599231709
STX7,0.005122241399635644
CLCNKB,0.013521641873856603
LIN7B,0.007440425484860007
SLC40A1,0.046207791702440104
NSD3,0.005501011262656418
CD83,0.038123436052785876
JMJD7-PLA2G4B,0.00538398533599113
AFF1,0.005103912701439835
SLITRK6,0.25652825245355776
CCDC151,0.016761351741640642
KIAA0586,0.0051086163370184234
DMAC2L,0.007051256438268722
PDGFB,0.03697758503199168
MGAT4A,0.009327860670147747
STK10,0.008280559175532975
AGA,0.007854012880354833
ZDHHC7,0.0057559384452861365
CNIH4,0.007570230278231504
CIRBP,0.007675836042376373
SHMT2,0.0059347107966270015
SARDH,0.008131113276821473
WFDC3,0.3783232365846645
PANK1,0.007914842221208326
SLC33A1,0.007024371927420421
CLEC2D,0.007089679219273973
PRKAB2,0.00787973810948246
COX14,0.006538935941365672
FRYL,0.00512940717148511
PHTF2,0.008012770457891413
PROCR,0.011329436822911773
HSBP1L1,0.006981661105167123
UTP25,0.007303079137036902
RNF148,0.008010194796190454
RASSF3,0.008108099673523814
CACNB3,0.01235276854957176
SEC24B,0.005072077290194484
DMRTA1,0.008997071193581622
CTTNBP2,0.008256181179315942
MRPL32,0.007420361777145959
MAZ,0.007698436956958724
MTG2,0.006875471247590524
MKKS,0.007070661844989204
ZNF506,0.005120335401201082
SMARCA5,0.007419700253950556
RFK,0.008149652229899133
DUSP26,0.01847332687893672
CFI,0.009475768478020192
PIGBOS1,0.006703681079674534
ZNF708,0.005256215228239683
FBXO8,0.007033373593823762
UBE2T,0.5036492532373105
TCEAL9,0.007359171315218058
SP4,0.0052163407682959155
LIPG,0.012278312893354626
ARMCX6,0.006984984095588208
SAT2,0.0058125353637757515
TBC1D10A,0.006508833935697235
LRRC29,0.00694918633305156
SEC61B,0.006466135468541661
TRIM16L,0.019868713285812717
TMEM51,0.008767412135140974
TSPYL5,0.017680959858642906
NSMCE4A,0.007238080873018049
ZNF205,0.005184858960190471
SFTPD,0.49205149052073566
REEP3,0.00823041594109181
GIGYF2,0.005065611973605806
LDLRAD1,0.07459079495231904
DPP4,0.12339580041806882
JAG2,0.01094415463045529
AMOTL2,0.010329424591513411
AXL,0.01696125667875131
ADGRG1,0.05433835839438415
DPY19L3,0.005110846697362989
NAA60,0.006027831770586773
PMM1,0.012243723049200374
PLEKHA8,0.0055740402432286305
SCML1,0.005926948310787876
PLEKHA7,0.005322843409178512
TTC3,0.005070413000034909
TAF11,0.0064588672623468275
IQCE,0.006198131977704673
GLIPR1L2,0.007727787563086888
SLC7A4,0.01799265387661255
SGSM2,0.005290447077607421
LPCAT4,0.00845408029161689
VWDE,0.03480833527000262
IL13RA1,0.006926473189261483
ITPRIP,0.025296889562492906
TAGAP,0.013261503660645657
TIMM17A,0.008051004036138858
CLEC3B,0.19513011796051516
TRIM26,0.0051841833020534875
PCDHGA10,0.009209598168640734
HAUS6,0.005523888413616056
CDCA7,0.28402963787730556
TFF3,0.43146030930182644
REPIN1,0.006339964925343633
HCN4,0.008944840812989213
PELP1,0.005270860615965421
CCL13,0.49894503127152146
HR,0.008886848464230778
FIG4,0.005201272919259346
BICRAL,0.005078489460374997
DLEC1,0.01032650817367925
EFNB1,0.034781992131666405
GPX4,0.005115412781747926
NHP2,0.005124655742081289
PHLPP2,0.005113910842163625
HACD3,0.007030236365124337
ACVR2B,0.005117212514294354
MYSM1,0.0053649352464095615
CRYZL1,0.006914969838179271
LRRC46,0.02594227949497285
SIPA1L1,0.0051722640765872255
POP1,0.010364178541167545
RAB12,0.007024874677372888
N4BP1,0.006193642459374563
IL20RA,0.091854252088362
XPO1,0.005110850534598964
STRIP2,0.0882325383467873
MAP7D2,0.23557956189445817
HDC,0.02750648014927712
KLHL18,0.006325080225853909
RNF38,0.0051035858968272165
ATM,0.005210758608609094
GSTA4,0.017591886591268882
CRABP2,0.6813177931947608
RIPK3,0.007337885381437995
METTL7B,0.3030620005570517
MRPL40,0.0050831241075050835
FAM168B,0.005147077387042312
C17ORF75,0.007311561337459588
TRIM44,0.005074395144352119
IL7R,0.11667360963225504
FGF13,0.010425375987470472
DNAJA1,0.00699702405802518
EPG5,0.0050904431064430124
BIRC7,0.08519677889860947
SPIN4,0.01289662746395834
PDE1C,0.011914355148350625
MYOM2,0.007943261498617252
CD300A,0.01313258861181341
RABL3,0.006620694842569895
TSPAN4,0.010829161142821526
C1ORF115,0.26117622539245916
LCK,0.014514038042117632
C4ORF48,0.014759383542266776
SCNN1B,0.3836268746986057
P2RX7,0.011815729340010918
ERMN,0.005902744522408392
HSD17B13,0.18353293533278867
CAMK4,0.005342036564247763
PARVA,0.006511902592587216
B3GALNT1,0.014717347536908202
C1S,0.013240496821616815
DUSP3,0.007377511527820186
FRAS1,0.031361856037304695
CDC40,0.005640444996089034
SECTM1,0.03201361658124173
DGCR2,0.005851532634976809
ZNF738,0.010390287699502601
UGT8,0.09953693475700348
MDFI,0.20864706297288227
C9ORF116,0.02205997803090638
PRR22,0.007225377168913084
GJB7,0.020041549614015882
ZNF710,0.009297773822227809
ZNF334,0.010431551740410728
TBX5,0.02052000554900969
TNK2,0.005432797337689067
RTN4RL2,0.23871081526780707
ZNF592,0.005210277085268884
CPNE5,0.036210427439052534
ATOH8,0.3786088020951229
PRDM1,0.014006045807293633
SLC5A8,0.15552888235377726
MYH11,0.36077988781812964
ZFP91,0.005070003231723088
THTPA,0.0066024358513772745
PPP1R1B,0.26519183212540653
AIDA,0.006757854051170258
TSC2,0.005123608128119123
MPP5,0.005074908505222733
MS4A15,0.34830761158549367
HTT,0.005109939455319951
IER5,0.009790728987795124
TIMM10,0.005116213959781819
NR0B2,0.10125353399767803
PWWP2A,0.005068627304928354
SIGLEC6,0.019182643782683074
MYORG,0.011080769708121899
PDIA5,0.007088237246081182
STAU1,0.005359061370577891
SLC35B4,0.005101087525335408
PGBD1,0.008294217076635605
OSBPL1A,0.007667606619092699
LITAF,0.00707316830790829
MAP3K7CL,0.008280046003045558
PDLIM3,0.04646024900768391
SGCB,0.008111793842771794
TEAD2,0.008317235246540523
RPRD1A,0.0072937601113744616
NBN,0.007747226309608032
ARID3A,0.00852010560502221
LYPD5,0.01642591089693435
ZNF28,0.007501466426615488
TUBGCP5,0.006012356865913905
PTK2,0.0058468359077585305
PCGF5,0.0059897980996121486
DCAF1,0.005182985970678243
ARC,0.23221097594182635
DDX17,0.005090274217845377
SEPTIN9,0.007994756464659199
ZNF566,0.005119602321244163
SMAP2,0.0073235580883324125
FOXQ1,0.3155788372870324
NSMF,0.008858520081353627
AGR3,0.5707043882030787
RXFP1,0.036386990881742624
ENPP1,0.012977592852060325
ZDHHC3,0.007840049659872127
TACC3,0.01794755559590284
ATP1B1,0.016888411549298755
GGT2,0.014429820110994961
RPS3,0.005101889529878431
NDUFS6,0.005399915758732974
OSBPL8,0.005081171328081585
PPP1R10,0.008364555142498549
TMEM181,0.006363047046145243
DNASE2B,0.12768585322278564
SYNE4,0.010502176624258064
EFCAB11,0.005936214789922348
APCDD1,0.013166927897429216
SUCO,0.005138805694554417
ITPRID2,0.01000421057172824
AAK1,0.005108287586007066
NUDT21,0.006564300260271966
CFAP157,0.009386512406755018
IL12RB2,0.03563857397769664
DTWD2,0.0065874808182551595
URI1,0.006422702328015314
RPP38,0.006647508198678457
PLOD3,0.005149189049333398
PGBD2,0.008207146900476376
KISS1,0.03305450278856704
SYNRG,0.005065625277887976
GNA11,0.006595968745264208
BRI3,0.0072566049646787985
ACBD7,0.018631948423367684
IL16,0.010211992198245657
NEFH,0.05964697466197491
HOMER3,0.013744946808052699
RGS7BP,0.025420814390007936
ARGLU1,0.005414337149627257
ZNF775,0.008261127407665386
APOL6,0.00861669914996284
ZC3H14,0.0051232682481814435
CD82,0.00995071075021555
CHST6,0.0871175606598522
FRK,0.006402436297412707
ZNF667,0.008796725002269764
ABCA9,0.006657729712529793
HARS2,0.006506422531694703
NNAT,0.1015048681255438
RNF19A,0.008033253988129343
MXRA7,0.013163975147965367
ODF2L,0.0053385282920977006
HSD11B1,0.020155406866463454
FCER1G,0.02943344821445491
PTPRM,0.01333075976263173
CLEC17A,0.013002208888528976
GTPBP3,0.0063863730150607164
KLHDC10,0.0055226618213669604
KRT40,0.05396849751049319
GATAD2B,0.005071997530772573
TMCC2,0.009248613930439142
PELI1,0.008868835284407689
PIEZO2,0.005663029824662932
CDC26,0.006751708758980354
ING2,0.0078410768077354
ACTN4,0.005833731477285605
ASAH2B,0.005517002818027533
MST1,0.007385744869002325
DNAH12,0.008650357206058718
COL28A1,0.04772943323513133
TBCC,0.007399921166427735
RNF187,0.005758243087171691
PCDHGB4,0.010250845129301026
RAMP1,0.2951579719652998
ETV4,0.4982680082675685
PROS1,0.022022979489457712
MAL,0.17679078001687343
FCRL1,0.02339877174742486
SLC37A1,0.007668074985206279
CMSS1,0.007415331352102149
PLPP5,0.009297154047482395
KBTBD7,0.0077817559483091174
DCLK2,0.008445276592786226
DPCD,0.006631590001045359
IL27,0.008268692764631826
PMM2,0.005645481034272037
FAM209B,0.007307529888966143
DGLUCY,0.007564204955577568
MASP2,0.005503094029448239
EXTL3,0.00665441748279261
RND1,0.4661918807166803
DDX3Y,0.20384855996164922
PTPN13,0.07020436270427838
CENPBD1,0.007379352381609602
ITSN1,0.0051121894154242615
MRPS34,0.005109154095811053
SLC7A6OS,0.005161767295676151
CASP5,0.008117885348559239
CPD,0.026215627101799272
NAGK,0.006577292882219005
VPS54,0.005071498453808767
ARNT2,0.0398942761813209
POLR1C,0.00705755246291204
BBS4,0.007268599414930603
PHIP,0.005142903947305375
KIF26B,0.32164409441714226
KRCC1,0.007047497052339302
BICD2,0.005175214051586107
MAGT1,0.007058353913056009
ACP2,0.007719673517940464
CHAMP1,0.005542839943023417
H1-2,0.026022666144846007
VARS1,0.005522242588595204
MNDA,0.11264742211686787
FMOD,0.011342615634280722
CFAP54,0.007328880479574009
JUP,0.007043101392624961
CYP51A1,0.008815758685713297
RPLP1,0.005175215010368078
SLC18B1,0.00768192844941229
SLC35A1,0.009927347381953581
ITGB3BP,0.008521685857585027
GDPD1,0.008610375034745167
TMEM176A,0.04523214873129364
XCL2,0.01204141623099597
ZNF578,0.008478178927937155
CD180,0.028452718834162772
NMNAT2,0.2817586162777896
TCEAL1,0.0076947961597420445
CTSC,0.008492148930330692
KHK,0.007478960799618991
TCF7L2,0.008703629974808277
CCL3,0.02727919345205893
IFIT1,0.07192321996609707
DYNC1I1,0.013467246907930571
GTF2I,0.0050800361007766245
PFKL,0.005117020425294198
HECTD1,0.005079609054785625
PCSK6,0.010160497648317618
UNC13B,0.018388051883424354
C1QTNF12,0.010704052913506894
ARMC6,0.005085024981227906
SYN1,0.008648769945615932
ZSWIM8,0.005132015656859328
DYDC2,0.03464313036375676
SIT1,0.03655353805582587
SLC2A10,0.030468275969337415
GNMT,0.009746784650153844
SLC25A33,0.007884057213929225
EEF1D,0.007492158566040154
CYYR1,0.03011069206670575
RPS4X,0.005452522206031394
SDCBP,0.007971781844845843
TERF2,0.005514062534485478
RALGAPB,0.005066538637573504
THAP10,0.00807668218559427
FTH1,0.00982496757022817
SKIL,0.005142562693254233
XK,0.01572455753367701
RRAD,0.4270016381928613
ZSCAN31,0.0174361102800556
XYLT1,0.015283477418053274
ENPP2,0.021960739851952075
CACYBP,0.008453380864976623
SRPK1,0.011708513893334792
EPCAM,0.015795026186944724
ORAI2,0.009098035584255218
RUVBL1,0.006510139778564273
DEF8,0.006693418479859012
BLOC1S6,0.005981516532471433
AGR2,0.4083650877806622
PNMA1,0.008170894767841804
TRMT1,0.0061105574558911364
EYA1,0.009841597529465358
DNAJB4,0.016757364752139996
HS2ST1,0.007533955208430211
LSM2,0.0051315325432313074
LRRC58,0.005068156877604362
RNF43,0.015108206193195995
RFFL,0.007950539479212669
HDAC9,0.013378031852076333
PRPF3,0.005424702843877811
CCL4L2,0.0599225906783046
PARM1,0.04002107182474788
RAP1B,0.0079792916658379
GZMA,0.07303479364153764
RBBP5,0.007365691575891801
BBS12,0.0075157339235037
CCL17,0.48577206913291426
APOBEC3C,0.007747531029137599
BCAS4,0.009227186268425142
WNT11,0.022405969766768747
PBX4,0.007969825191351117
PXN,0.006359648731163251
CLDN8,0.056114071491413973
CERS6,0.005755476417206235
DNMT3A,0.008051161803313858
UPF1,0.005773016365751602
NLK,0.005077675250614561
SLC30A1,0.009917201930530249
CWF19L1,0.006634518707843509
FAM20C,0.011509843663005543
XIAP,0.005070928916994486
SIGLEC12,0.08473145816669368
SFRP4,0.3522448201701298
NBPF12,0.005225721183166825
GAS2L1,0.006658792664634425
EVA1A,0.055687347829338374
RHBDF1,0.007204563366092276
ELP1,0.005075172960327562
ACSS1,0.009280006868679323
SAMD8,0.005076963951549292
CSKMT,0.006971474332737497
SPIN1,0.005274472331151803
TSNARE1,0.00617190283312817
RASSF9,0.0585753864575772
TMEM100,0.27700069861891935
PTPRK,0.006477148987358467
CD74,0.019532096720870883
CEP57L1,0.005105966597235091
IFNLR1,0.012021451857375659
ACAP3,0.0065579985554947455
HEY2,0.016075597447960662
UBE2H,0.005256948030289493
ZNF441,0.005141711204182474
ACVR1,0.007398353851627365
NUMA1,0.0051570286582848365
PKP4,0.005951999069466499
LRRC37B,0.005109990972164975
ITM2A,0.150781450956304
PRKD3,0.007327846490092359
SMOX,0.02669979767954132
BRMS1L,0.007060972090911914
DNASE1L1,0.006894578008805718
RHBDD3,0.005912992998418384
LAMTOR4,0.0050886939483676475
RBM33,0.005071632836772592
POLR2F,0.005087517331486362
PDE4A,0.00590133030996175
ZNF451,0.005110555983237827
GALNT5,0.23071166532839127
FICD,0.006881572044818344
ZNF671,0.008518109284664727
CEP83,0.005108691139011355
TECPR2,0.005138659747947895
BTRC,0.0050962688364347515
LARP4B,0.005071586029117172
ST3GAL4,0.008494339900209919
SEPHS1,0.006964633642522589
RNF207,0.008955729379450635
MED14,0.005088840691561733
DCTN1,0.005223930081253542
FAM241A,0.010305266987506443
CACNG6,0.018219439498994693
CENPB,0.0050899439282073395
KRT23,0.11280629066443772
CDR2,0.008301825255850529
SLC5A3,0.007926549486073515
SRPRB,0.008725075255266232
C9ORF40,0.007745530479371795
USP18,0.010267093473980233
CD72,0.014728701069970039
ZBTB32,0.00917881203279514
MEGF9,0.010891396870273906
RCAN2,0.01606355673199301
ADAMTS10,0.008013067964272522
NELFE,0.005097874550999381
LSR,0.008492912347359972
LRRC23,0.011800802497168089
EMB,0.0422022893852145
ARHGAP22,0.007850939141534395
PLA2G12A,0.006844339591274938
RHOU,0.009843791938937044
KMT2E,0.005067527764899089
ACSL4,0.011439177436152036
PRADC1,0.005083259868214406
B3GALT6,0.007550455239138183
COBL,0.011353734984398359
OTUD4,0.005079226921431659
ABI2,0.005111926516375175
CEACAM21,0.03772572945637993
COBLL1,0.005460560574465558
NEIL2,0.007091183581323685
PARD6B,0.017218964829900946
MOB3B,0.01063383917985491
CFL2,0.015362037235046096
RNF145,0.009409462064903317
EHBP1L1,0.007089678789066387
NLRP12,0.015519068120297554
LAMTOR2,0.0051061160710757164
CACNA1H,0.011305208695097572
MAP4K1,0.00907200257034254
ZNF33B,0.005147330507351739
NFIA,0.005713269363338687
CAPN5,0.079991104232998
ZNF189,0.005507644746716883
TMEM147,0.00513754121287021
ATG2A,0.005309576658528755
ERICH5,0.05636766319094926
ZNF226,0.0061787571637155455
SERPING1,0.02803005707453163
GDF7,0.011297117393351878
POLR3D,0.0073232707289054375
SCO2,0.011680993711235139
SALL2,0.013399870270425341
FAM160B2,0.005213522731275788
PLK4,0.02216038304219322
TGFB1I1,0.010395678282606763
KLHL24,0.00514388062789785
FPGT,0.00599213500968521
UCK1,0.006480877473701954
GALNT13,0.04382836620013489
PTH1R,0.02114059033663653
STPG1,0.005930505421080423
RBPMS2,0.01339910674529601
RECQL,0.007940018530770959
FAM53B,0.006801218638918225
AKR1B1,0.01394115817293132
TLCD1,0.025008167051306894
KL,0.03223116799875388
CDK2AP1,0.0074734746530558385
CACNA2D1,0.01191722014568019
SLC26A1,0.007873494747949536
TCTN3,0.007258241255913268
FNBP1,0.007955468586780156
FDPS,0.008007538643507634
CLN6,0.006747223392343789
ANGEL2,0.005068045727466651
ELP6,0.006258193179363097
PDE4B,0.011644985795743829
ZNF25,0.005081016999370881
C6,0.018025487508098185
DSE,0.014264914707436405
VPS52,0.005250828873597245
LY6G5C,0.007162690590276435
GAL3ST1,0.014509829223411394
UBE2W,0.006627570952371869
IFT52,0.007120455136355234
STAG3,0.012516978362215495
GTSE1,0.15547949892825522
SLC12A8,0.013933281563022338
LGI2,0.16310325018283228
ACER3,0.0064332620311611235
NKAPD1,0.006778128519298881
RTN1,0.019683485720748947
MLLT6,0.00513750753753385
LYPLA2,0.005141501759482328
DCLRE1B,0.007671404798164755
CBLB,0.005133035971164092
SERPINI1,0.00842355000526151
VPS37C,0.007054349499158609
ISG15,0.03220104190542835
RGL3,0.006125603984360119
NTM,0.16244544614771525
BRD3OS,0.006957851768069782
SSTR1,0.2152738883808189
GLTPD2,0.009679188161248232
TRIP11,0.005087003784677709
PHF1,0.0068048249877376635
SOS1,0.005088026433849117
ATXN1,0.005097698768910693
OBSCN,0.005869615750435728
PLAAT5,0.02575005932948362
ATP9A,0.00670114891054991
MAP2,0.04141554238997423
TNFSF4,0.024654085382065337
ZSCAN29,0.005078672650735357
VAV1,0.00928256162075339
OGFOD3,0.006710354178703133
ADPRH,0.0101976058287803
HDLBP,0.005393088047440347
PCDHAC1,0.014080515957225584
COL9A2,0.04684353820437296
HLA-DMB,0.019221546356688934
CMTM2,0.021713422469064318
TAMM41,0.00510654380087625
CHADL,0.00983187534053065
PPP1R15A,0.020413006574690085
TSPOAP1,0.007617427112734514
GRAP2,0.010194584951603983
GNA12,0.00773593261218585
CNOT1,0.005077027928080726
NCBP2AS2,0.007324855569532211
MRPL45,0.007761392167637485
ZNF570,0.005832629194017849
TNFSF9,0.02088051980465101
PIFO,0.04887292766304101
ZNF442,0.005514618939433719
PIK3R3,0.020593138163843838
KLHL36,0.005268221937420437
BDKRB2,0.01815635528043195
FOLR3,0.0738979777322616
CYSLTR1,0.011429949463655671
AAMDC,0.007146592621776568
TIGD2,0.008718827434445216
GLG1,0.005233606059906546
AMPH,0.019016463936467495
GASK1B,0.0258277577732083
NSL1,0.007130827328428818
MS4A2,0.08439983132796167
MIOS,0.007188586356150863
BICRA,0.00530393027617762
HLA-G,0.05035357101404072
LAPTM4B,0.016604144741216242
CHP1,0.008653236393226443
TSPAN7,0.29428340136965414
ERO1B,0.01617402246207682
NAV2,0.006359428226383901
RAB11FIP1,0.013802084110991156
SH3YL1,0.00715315171364231
MSRB1,0.006299921475408398
DEF6,0.008160569275022088
DCP1A,0.00507079490592184
NDN,0.047734539337196714
TRIM24,0.006638141798451421
KLK12,0.2220012172901056
TMA7,0.007164334292455118
TRAF2,0.008602318289471668
POLG2,0.005182765459347551
HSPB8,0.04270310939754392
TXNRD3,0.006611813570211307
GPS1,0.005101247493489765
TRIM36,0.0085334623731725
ACO1,0.007372803365424617
PNKD,0.007918351012293972
ANKS1A,0.006558602121260867
NRBP2,0.006705041056145547
SCLT1,0.005127983711857125
PBLD,0.009443263111623764
RSRP1,0.007220316067192632
FZD3,0.012022287880607793
AQP9,0.20828267711429313
XPR1,0.014418481717972624
THOP1,0.005222158086614619
VSIG10,0.012839967619640038
SYK,0.007969812796598282
ZNF391,0.008275140205573015
NAGPA,0.005918221044452676
ZFYVE27,0.006203535722818776
CXORF38,0.00655849553694204
GNAI1,0.007900123312158273
ZFAND3,0.005749544908393671
CCNB1,0.35684808674682655
NIPA1,0.005360014613506669
NCF2,0.02465491951764989
C8G,0.007019768339985117
DNAJC18,0.007611019393502643
ACACA,0.007047478862380508
TTC38,0.0067247140362839495
STYXL1,0.009532624189058928
PHF19,0.009806121598049129
IL37,0.3046572288235299
MED25,0.0063634910803528075
MAPK10,0.005639164155440734
COPS2,0.007069063862206307
C2CD5,0.005195909546838242
TMEM185A,0.00642717426334472
CEP290,0.005135024519871086
ESRRA,0.006847839359937253
AC090004.1,0.005566698601262335
ZNF653,0.006450504171619172
ITGBL1,0.06291117601056785
ZNF683,0.04516245611341716
CAVIN2,0.3538905559023229
TMEM223,0.006133539077837106
BSPRY,0.009213471069241119
GPR141,0.008260048802967372
PRR18,0.010620779185362663
DMTN,0.016164110593536486
DPY19L4,0.006979644950521211
SCT,0.03483510132589269
CCN5,0.13155621648979815
NR4A2,0.31596682778477886
CX3CR1,0.11304101602826958
SLC26A2,0.011128086663025907
PAPSS2,0.0236372621978439
MTMR12,0.006546289939131985
GPR180,0.007824416451644518
MAP3K4,0.00506557324325299
CCDC120,0.005522372595333888
LANCL2,0.007453068876495869
MSMB,0.6146638348194997
MSRB3,0.026237385133682165
AIMP2,0.009102160851243707
ZNF365,0.008116173857432992
SWSAP1,0.00685136944860116
MCOLN2,0.010817145893700758
PRKY,0.051107395545822755
LIMS1,0.005427070810415061
GSK3B,0.0050732251908219795
PWWP3B,0.013178371352430805
PTBP1,0.0053425900152088805
POLR2I,0.005152989622174688
GATA2,0.11161607372146723
KITLG,0.010318581234555512
FP565260.1,0.0075125614968867115
CDC5L,0.005359097134306925
TGFA,0.03797555899808121
CTNNAL1,0.015400058640134133
PRR5L,0.010822858395228832
SLC29A1,0.007326393975862891
IGHMBP2,0.00537160409609357
MTREX,0.00638751071277206
ZFYVE28,0.007090833277133316
SYDE2,0.006996997834662393
KLHL6,0.014001201336868272
TM4SF19,0.012872673470653326
MESP1,0.03102985398013611
HTRA1,0.016855853757489953
ABAT,0.00977628915660535
NSUN2,0.005713543519925168
CFAP20,0.00724222028525572
METAP1D,0.008585806283092988
WDR89,0.007165375868778373
TCTEX1D2,0.007261449620708388
EPB41L4B,0.007648097378820743
WASF2,0.005502413926570312
SNCAIP,0.008969912759212422
LMLN,0.0054843692027425825
B4GALT2,0.0052256918491150285
ZNF493,0.005351060888454943
TBX19,0.007145969647901535
PPP1CC,0.0068527760716949136
DCAF5,0.00511510928298389
ATP6AP1L,0.007457523317293699
POC1A,0.014016903719272257
CXCL14,0.5949021029812925
SLFN12,0.0106515674458747
TRIM31,0.13007389618284698
TUT1,0.007283416120275961
KPNA7,0.07220132806408154
SPINK14,0.029604411552603703
ARHGEF10L,0.007963016364097932
WWC1,0.006516646934457399
CLCF1,0.1459582096595738
F11R,0.006856870095730954
CD70,0.06508424528281467
GAS2L2,0.015521963081904108
WDR20,0.005070052547158104
DDX18,0.006968197675255929
PARP8,0.005082562156631169
TCTE1,0.008461514681514393
DNAJB9,0.007656067456593194
KANSL1,0.005108158534314019
WNT9A,0.03022841547381351
TLCD2,0.00725534635838172
USP47,0.005071306592890533
PHB2,0.00507309880754676
ZNF14,0.00784944175489499
EP300,0.0050722569715217
SF3B2,0.005179063207568997
TDG,0.008575578822263438
CKAP5,0.005433961928994191
ADAMTS1,0.17055872655837284
ATL2,0.008474603815739308
ORAI3,0.007166336345389924
PIK3C3,0.005076795834844476
DSTYK,0.0051538721892050695
APOL3,0.018567842270355777
ATP2C2,0.04116443574364515
BAG5,0.006134119602215576
KCTD11,0.007524322170538903
VCAN,0.3336922824074245
TCF19,0.012078589885983
PKNOX2,0.01934475516967136
SLC66A3,0.006954136841657798
RPP25L,0.005088628083783949
SLMAP,0.005083574831951011
DNM1,0.013856574602630373
TNFSF14,0.015079751267065448
CD28,0.01709933281708913
MBTPS1,0.005393428470443504
RNF152,0.00795741265985973
CUL3,0.005067232861078849
SCGB3A1,0.6811694052786101
NDUFB1,0.005713248346241253
TMEM87A,0.007847250132595587
CARD10,0.00994651950611487
SOX6,0.006971563666898766
SAMD5,0.03170653166328373
CHRDL2,0.03762370538365753
SMC2,0.007969069729716864
LGR6,0.023315058330218266
CMTR2,0.005095114113236291
TTPA,0.009782736976174412
MRTO4,0.005150799362446897
MAP1LC3C,0.15264723133314628
THAP5,0.00574245390748257
GAS1,0.05308831092020425
RPL37,0.0078013508453393
ENO2,0.018366571449861886
MUC20,0.09618726953348615
NCMAP,0.042895705526738506
PKIB,0.25092955544147205
THOC7,0.0063734621578766274
UAP1L1,0.008418244729863127
USP15,0.0051002502042890386
APPBP2,0.005067004445554949
TMEM158,0.1209178557082804
MARCHF8,0.005407692672170612
CRLF3,0.005095164288364474
PIGR,0.5234249003929079
YWHAQ,0.007621640577301002
VPS13B,0.005185215201380312
UACA,0.009610071469623185
DNPH1,0.0052286620238377905
PLAAT4,0.04257427221929103
PRKAB1,0.007314433114326248
SFMBT2,0.01326970617588019
ATP2B4,0.006378701047950188
A4GALT,0.016149278156005375
GLIS3,0.011512546854501687
SAP130,0.00526910806939616
PHKA2,0.005154672579655471
RAF1,0.005069335059440677
SLIRP,0.006899044112497071
HTRA4,0.0335273783057137
GIMAP5,0.006284046422388424
PRG4,0.4310064762387487
SBSPON,0.07124350410025429
FPR3,0.023346921975782267
RET,0.26746302336153044
PAQR3,0.00799455019965561
ARHGAP25,0.00931184129347214
YLPM1,0.005098059227615403
PHLDA1,0.03326790051212182
TMEM43,0.007271221012094032
TBC1D4,0.011326031321849566
PDCD1,0.07076229066697393
LSAMP,0.008197528889297187
IL5RA,0.008132954022909106
SPATA2L,0.005214931470550749
PATZ1,0.007856002683923646
SLC17A9,0.08937040567276251
SLC22A15,0.013972117307226327
SREK1,0.005107373141228025
LBR,0.008281740571360753
NPHP1,0.005544575906275558
NCK2,0.007041625129173469
FLYWCH1,0.006259928483999447
ZNF251,0.005772146935428669
KCNE1,0.010703366260730944
ZNF311,0.007028478689677023
IL24,0.009292627204084032
HEG1,0.03198726642867168
BCLAF3,0.005093646603727921
C20ORF96,0.00723657842603607
THAP7,0.005091328369108209
CNNM2,0.0075704813373955356
PCDHAC2,0.011857833706840957
ALDH1B1,0.012917840801279211
NME1,0.02427215527371592
GBP4,0.27689420988167396
DZANK1,0.006205329107239968
PTPRG,0.010714147962889494
ASGR1,0.012127761288272029
ABCA4,0.08558409533844055
WWP1,0.005093521628469962
NUDT19,0.00783262845730835
LSP1,0.10429179998370641
NUMBL,0.009624376586267445
RNF40,0.005233157252182945
PHC3,0.005160330115712955
NDUFAF3,0.005092446549206757
JCHAIN,0.07762151881721661
ADAL,0.006719006407166816
ZNF235,0.005115232079407733
EHMT2,0.006378949430793614
GABPB1,0.007191266078080691
ZNF626,0.01689812619710217
ROCK2,0.005174154110777198
FBXO32,0.37836229815732914
UNC5CL,0.22897897625446287
BCDIN3D,0.006842921174541416
CDK13,0.005073834852877458
FANCA,0.016888461103132406
FRAT2,0.008632521291458578
LMNTD2,0.00785975121419805
PCDHGB3,0.009346823334114032
SETD4,0.006535673872669828
CCL11,0.24430509378726442
NCAPH,0.13992166403375325
LSM8,0.005075230521120214
TMEM263,0.008269298282317336
AHCYL2,0.03046421923377363
TRIM35,0.007080506918761051
SLC4A3,0.015756805554598508
USP33,0.005069303680622971
MAP3K13,0.007799556545206232
PGM3,0.007994477979607374
SLC8A1,0.005244578059132314
TRIM11,0.007042549272143582
PCDHB14,0.011477452102086207
DNAH3,0.017504445603481435
NR6A1,0.0073047076853802965
SCN9A,0.009366232532390294
KALRN,0.008248878241342737
PCSK2,0.20965719348711445
ZNF140,0.006096963890039365
TNFRSF11B,0.02512474265744948
ALKAL2,0.2731813601694749
PUM3,0.008400954260922012
MALRD1,0.011969598591434264
NTRK2,0.04638500319136793
GPANK1,0.00511535331128943
SYNJ2,0.03344947256227828
ADA2,0.03745380246702925
GALNT17,0.032510844947841795
TRAPPC2,0.007423394564257738
FAM98C,0.006872719249143389
TDRD9,0.015829659882841608
IFIT5,0.007404042134813766
OLFML1,0.014529477251928814
CCSAP,0.005214209355223306
CDC37L1,0.0073315504264966445
KLHL7,0.0074234895033264865
CUL5,0.005071767505730573
ZGRF1,0.005471776187031872
MRGPRE,0.01008373678904221
KRI1,0.005390098309688068
BCAR1,0.008933314125922132
NRN1,0.10885450448333119
NDUFA11,0.0068117370481813305
KIF21A,0.009241393431408186
CENPQ,0.008432843960849874
CD151,0.005290680624701177
C5ORF46,0.12689929072730807
FNIP1,0.005075510205989585
PILRB,0.0228383958874608
NOL6,0.007875552597995392
STRADB,0.007249146360339848
ADGRA3,0.008861473131813487
RAB40B,0.00816170225235084
SEC61A2,0.006374362570242284
TMEM171,0.19279283884865897
TRAK1,0.005170868585959812
C7ORF57,0.04338195064026742
CASS4,0.04290603408359455
SPINK5,0.24610819726862815
HEMK1,0.0069978740076518196
RPS12,0.0051276824381857634
GAB1,0.005627102767675673
C1ORF210,0.010766044122000362
LCLAT1,0.006410566885792454
TMPRSS4,0.5713358552228844
PIK3R5,0.012874662900246107
ZNF652,0.005075464126894652
FEZ1,0.015082723114361103
LPAR6,0.021829861427689157
DPT,0.3436738254200199
AOC1,0.5791359938964395
PTPRD,0.011435550856547605
WNT10B,0.008859586201186282
BIRC5,0.538559167622235
LGR4,0.21696011466778095
GIPC1,0.0051116613518058076
IRX2,0.29140513004876645
USP8,0.0050730079179839805
VRK1,0.007989812916826253
C9ORF152,0.09264531986996985
PON2,0.009033004941879481
ASGR2,0.01547765411870554
LAMP3,0.4173216147977649
FBXO27,0.013783181712071647
NRP2,0.010629834245798365
CDR2L,0.010052048099738229
TGFBI,0.15929034849628182
ADCK5,0.008794820631591609
LPCAT1,0.02744269764333099
ROCK1,0.00507606549140424
MLXIPL,0.010778544804379385
CPNE2,0.008123794214067264
REPS2,0.01585144924870231
SLC20A2,0.009022532972447254
ZNF521,0.01246255473889505
CSF2,0.2891908754137902
TPD52,0.008745178374551467
MAP1B,0.29609514014798854
SCARF1,0.014660556065633051
MPZL3,0.009863974154303796
PGAP6,0.005878732330363779
MYO10,0.005621602422694572
DIPK2A,0.00967061928085889
UMAD1,0.0067624019143262
MTOR,0.005086656704044993
PCM1,0.005333069414324374
PCSK4,0.006873908423790498
TMEM44,0.008388554388840905
FBXO44,0.007084941108069997
ARSG,0.00688089862048984
KRT10,0.00806007298195729
ABLIM2,0.008307075312700625
CMIP,0.005967776882838755
SLC1A1,0.38558296382060847
MRPL24,0.005786036357045784
RHOJ,0.014169671722782136
ZFHX2,0.006856841754003513
ZNF691,0.007589716490946653
LRP10,0.006416550975881601
POFUT2,0.006211899698704546
HRH2,0.012631317652804638
PPP1R18,0.01046136091210601
ARAP1,0.007010723991969139
FAM229B,0.008297544840816351
TRIM3,0.006599030392346623
ZBTB3,0.008017120151723862
SNX10,0.014615523797146193
PLGRKT,0.009316164907408987
GFOD1,0.021339617749353515
HUWE1,0.005177118746537222
SRP72,0.007626792260313883
MAP2K3,0.00863635875838435
ZBTB39,0.007500211535546198
SESN3,0.023876149732681526
VEGFC,0.014437825682437505
SETD2,0.0050669964974403075
LRRC8A,0.008686762906742336
ZNF844,0.008389340042611363
PHYKPL,0.005078691364347281
INHBB,0.24264027276086164
MYO1B,0.009129426996749004
DRC3,0.008081638965208422
PDZK1IP1,0.04523206197922042
CCDC71L,0.010902905342466865
ZNF404,0.009480578938603944
GABARAPL1,0.009606389343125108
RSPH9,0.012595342219623372
SERPINE2,0.2944468002885216
NOLC1,0.007152872152780651
NUP62,0.006601523859567211
RHEBL1,0.009288935514413774
AZGP1,0.47767428336193773
TDRD6,0.010072115110389487
DUT,0.006805863239112683
SOCS4,0.005082329960676166
SCMH1,0.005137776867365314
