feature,rank,random_forest (MDI),gradient_boosting (MDI),extra_trees (MDI),logistic_regression (|coef|),xgboost (MDI),random_forest (permutation),mean_importance,std_importance,feature_group
tumor_std,1,0.9999999999950365,0.9999999999957517,0.9999999999951088,0.9999999999956236,1.0,0.9999999999439931,0.9999999999875856,2.1437493323038072e-11,Tumor Expression Stats
abs_log2fc,2,0.5229560832468713,0.5968946833340502,0.6151507880150873,0.9253739955564265,0.41863433,0.5764293404419979,0.6092398693100529,0.17028213313007887,Differential Expression
tumor_iqr,3,0.6445386762613268,0.6348348442495341,0.6008342541426009,0.8551446083472224,0.5274768,0.13138061451932054,0.5657016308478572,0.23920790256031432,Tumor Expression Stats
normal_std,4,0.33573328104817135,0.28859731897888713,0.3141469268316544,0.6222137934596078,0.16884306,0.17880904396756556,0.31805723750296233,0.16453678028219237,Normal Expression Stats
tumor_cv,5,0.3442417413958056,0.32719156070888056,0.225223924237663,0.24313084371748114,0.12788704,0.3157662258608964,0.2639068893828983,0.08194808605734429,Tumor Expression Stats
normal_iqr,6,0.24902737507128786,0.1976929037820152,0.20395326666348365,0.46595958462312137,0.114639744,0.07252298263127728,0.21729930948895745,0.1377681398224177,Normal Expression Stats
eigenvector_centrality,7,0.09452819819198197,0.07520278021641054,0.0,0.3776113379939645,0.34356016,0.002374182149327061,0.14887944295967906,0.168659449486938,Network Topology
tumor_normal_mean_ratio,8,0.19513314825823663,0.1310983448217689,0.1491056078309629,0.27998684483558794,0.080903985,0.02059464980697678,0.14280376335996653,0.09000104719283426,Contrast Features
neg_log10_padj,9,0.1309878328807266,0.12506528133377803,0.2351705663069819,0.24634639583906254,0.092620835,0.0,0.1383651518447938,0.09219545163377425,Differential Expression
delta_degree,10,0.04693816394502136,0.04103646024705914,0.025010959049618028,0.5477441595578524,0.08746958,0.0,0.12469988676480959,0.20923047158105793,Other
normal_cv,11,0.15113689226823304,0.11859695830687216,0.11147450070327802,0.18458925306043117,0.10277997,0.07279905032306103,0.12356277070581606,0.0391515757613323,Normal Expression Stats
normal_degree,12,0.061358603451797875,0.053069785918792724,0.048216247494970874,0.3827555110800284,0.17106688,0.0,0.11941117136195419,0.14079600748156923,Other
normal_specific_degree,13,0.0522127255082039,0.06544888230547627,0.046486288093658554,0.4135698315892875,0.06952007,0.0,0.10787296644091643,0.1518053256256283,Other
closeness_centrality,14,0.08291962126143662,0.07702570328902474,0.1280299025262016,0.07608372668733407,0.18112646,0.024155923030971103,0.09489022287132907,0.05358057273276422,Network Topology
normal_skewness,15,0.0847191569508765,0.0450600813652284,0.060548887508367434,0.060156707409791635,0.07607424,0.1318775363645278,0.07640610203177495,0.030477415012952265,Normal Expression Stats
tumor_pct_expressed,16,0.05728546586446266,0.049041964787582236,0.08312775243451326,0.15001280597694383,0.118577674,0.0,0.0763409438491266,0.053280072491382884,Tumor Expression Stats
normal_pct_expressed,17,0.028147728735250736,0.03547197684977132,0.051506929520265185,0.0,0.23722161,0.024321563646039983,0.06277830204627859,0.08708898977314808,Normal Expression Stats
avg_neighbor_degree,18,0.041264050409864486,0.040069149764218166,0.07915810624584403,0.07893639199622773,0.13406731,0.0,0.06224916838318786,0.04589010506416622,Network Topology
delta_mean_edge_weight,19,0.03435308824105955,0.01701803062796304,0.0304655553221088,0.2372638355185333,0.045574684,0.0,0.06077919890094938,0.08786855117042586,Other
tumor_mean,20,0.09056663384328388,0.05733508000366984,0.06916338895358844,0.0,0.08509303,0.04695911437221104,0.05818620766935934,0.03287970297612723,Tumor Expression Stats
cohens_d,21,0.10919855767237524,0.08583526091875086,0.07397478641571774,0.0,0.06935974,0.0,0.05639472451864184,0.045810195685328056,Differential Expression
rewiring_ratio,22,0.004172824927586919,0.0038414236837218006,0.06298777999472767,0.21619914515776747,0.03680243,0.009634762443208824,0.055606394318811814,0.08202014477451787,Other
tumor_skewness,23,0.07080502100757093,0.028935375922982315,0.05463087281242909,0.0340620059652778,0.08229192,0.012561079976102138,0.047214379857951135,0.026645505810739906,Tumor Expression Stats
normal_mean,24,0.08260670022477391,0.030656662254230877,0.05847678466063214,0.0,0.033451583,0.042348783919441954,0.041256752382589135,0.027867337240479465,Normal Expression Stats
degree,25,0.014906942366687985,0.017602457592560364,0.009947479710463853,0.0757730356710186,0.09401597,0.0,0.03537431436114663,0.03925179945599728,Network Topology
normal_mean_edge_weight,26,0.037430715557034665,0.03459961118921474,0.06088997934848152,0.008735587789202989,0.04967538,0.0,0.031888545472064,0.023445506692612153,Other
mean_edge_weight,27,0.005368041881238121,0.005461749040456849,0.022868222776891624,0.06704092848586767,0.06740572,0.0,0.028024110869964966,0.031328948399345476,Network Edge Weights
tumor_mean_edge_weight,28,0.0036490764704860314,0.005609115983069463,0.02328435089664879,0.0670409396706048,0.0,0.0,0.016597247170134846,0.026186312638611903,Other
tumor_clustering,29,0.0,0.0,0.019368573756045542,0.048210888181557554,0.0063312803,0.0,0.012318457046185392,0.0191261611168744,Other
tumor_specific_degree,30,0.0024815500159391978,0.005991942415664771,0.003488381529109922,0.0,0.035199624,0.0,0.007860249585943148,0.013583391529193344,Other
