group,sampling,threshold,n_samples,n_nodes,n_edges,density,mean_degree,largest_component,clustering_coefficient,isolated_nodes,degree_spearman_vs_previous_threshold
tumor,full,0.7,64,12222,924328,0.012376763181740587,151.2564228440517,8954,0.370845146824442,3047,
tumor,full,0.75,64,12222,430555,0.005765136695755531,70.45573555882834,7000,0.29448217166793494,4847,0.9551382907450265
tumor,full,0.8,64,12222,159487,0.0021355328731427164,26.09834724267714,4998,0.20707481882355547,6843,0.913921057763857
tumor,full,0.85,64,12222,40229,0.0005386668001383081,6.583046964490263,2961,0.11316311858954528,8861,0.8369725927396294
tumor,full,0.9,64,12222,5132,6.871754252677912e-05,0.8397970872197676,923,0.03726888552354629,10820,0.6803230199067742
normal,full,0.7,58,12222,2878399,0.03854179767956713,471.01930944198983,10900,0.5041710697551464,1230,
normal,full,0.75,58,12222,1668282,0.02233831630585739,272.9965635738832,9914,0.4461027264719595,2182,0.9870237302376562
normal,full,0.8,58,12222,832669,0.01114944805499428,136.2574046800851,8310,0.36308570360799475,3669,0.9732110970890773
normal,full,0.85,58,12222,329382,0.004410428993093445,53.89985272459499,5962,0.24978894598207058,5858,0.93081026103202
normal,full,0.9,58,12222,87464,0.0011711440256356603,14.312551137293406,3004,0.12628496587252347,8805,0.8088887968467059
tumor,equal_n,0.7,58,12222,1197007,0.01602793831398135,195.87743413516608,9183,0.38987338094881263,2812,
tumor,equal_n,0.75,58,12222,581619,0.007787885496274892,95.17574864997546,7348,0.31708254190635293,4550,0.9615360666777216
tumor,equal_n,0.8,58,12222,226994,0.0030394524256281566,37.145148093601705,5435,0.2249207909654094,6478,0.9248244267400095
tumor,equal_n,0.85,58,12222,60529,0.0008104840474675397,9.904925544100802,3353,0.13168866081268493,8464,0.8584895277303258
tumor,equal_n,0.9,58,12222,7715,0.00010330394399729168,1.2624774995909016,1169,0.0488386398457314,10581,0.70178844979156
normal,equal_n,0.7,58,12222,2878399,0.03854179767956713,471.01930944198983,10900,0.5041710697551464,1230,
normal,equal_n,0.75,58,12222,1668282,0.02233831630585739,272.9965635738832,9914,0.4461027264719595,2182,0.9870237302376562
normal,equal_n,0.8,58,12222,832669,0.01114944805499428,136.2574046800851,8310,0.36308570360799475,3669,0.9732110970890773
normal,equal_n,0.85,58,12222,329382,0.004410428993093445,53.89985272459499,5962,0.24978894598207058,5858,0.93081026103202
normal,equal_n,0.9,58,12222,87464,0.0011711440256356603,14.312551137293406,3004,0.12628496587252347,8805,0.8088887968467059
