group,gene,reference_degree,hub_frequency,mean_bootstrap_degree
tumor,SHPRH,871.0,1.0,1037.05
tumor,AGO3,841.0,1.0,992.9
tumor,PIKFYVE,793.0,1.0,967.15
tumor,SREK1,768.0,1.0,926.15
tumor,PHC3,761.0,1.0,948.95
tumor,DMXL1,751.0,1.0,936.8
tumor,CEP290,744.0,1.0,901.7
tumor,CHD9,741.0,1.0,917.5
tumor,INO80D,739.0,1.0,868.75
tumor,ANKRD26,729.0,1.0,887.75
tumor,BAZ2B,721.0,1.0,882.3
tumor,ANKRD12,714.0,1.0,873.65
tumor,NFAT5,712.0,1.0,884.1
tumor,BRWD3,711.0,1.0,867.25
tumor,MYSM1,709.0,1.0,881.55
tumor,ZNF141,703.0,1.0,841.75
tumor,RC3H1,702.0,1.0,854.5
tumor,CREB1,697.0,1.0,836.15
tumor,NPAT,696.0,1.0,880.95
tumor,SMG1,691.0,1.0,874.2
tumor,ERCC6L2,689.0,1.0,884.65
tumor,CLDN20,684.0,0.95,891.8
tumor,SCAF11,680.0,1.0,840.05
tumor,REV3L,679.0,1.0,896.9
tumor,HMBOX1,678.0,0.95,855.4
tumor,RIF1,674.0,1.0,832.7
tumor,PHIP,673.0,1.0,827.9
tumor,NR2C2,668.0,1.0,878.7
tumor,ZNF451,666.0,0.95,849.0
tumor,BRWD1,665.0,1.0,841.45
tumor,ATAD2B,664.0,1.0,813.8
tumor,CENPC,664.0,1.0,850.3
tumor,ZNF292,662.0,1.0,822.95
tumor,REST,661.0,1.0,838.0
tumor,FBXO11,660.0,1.0,837.0
tumor,HELZ,659.0,1.0,844.6
tumor,TAOK1,658.0,1.0,850.9
tumor,STRADA,654.0,0.95,805.1
tumor,USP34,653.0,1.0,842.5
tumor,PUS7L,651.0,1.0,819.0
tumor,ZBTB37,651.0,1.0,798.3
tumor,TET2,648.0,0.95,824.95
tumor,DGKH,645.0,0.95,834.1
tumor,ZNF81,645.0,1.0,797.9
tumor,ZNF852,642.0,1.0,812.9
tumor,CEP192,639.0,1.0,835.3
tumor,DICER1,639.0,1.0,822.25
tumor,MON2,632.0,0.95,839.95
tumor,ATM,628.0,0.95,830.6
tumor,NDUFV2,628.0,0.95,805.35
tumor,ATRX,627.0,1.0,772.9
tumor,DOP1A,627.0,1.0,838.0
tumor,FAM174C,627.0,0.95,777.7
tumor,RBM41,623.0,1.0,791.9
tumor,BCLAF1,622.0,1.0,827.95
tumor,ARID1B,619.0,1.0,762.4
tumor,MFSD4B,618.0,1.0,780.0
tumor,LCORL,617.0,1.0,802.35
tumor,ZNF782,616.0,1.0,772.3
tumor,RO60,615.0,1.0,801.05
tumor,GPATCH2L,612.0,1.0,792.6
tumor,BIRC6,610.0,1.0,793.75
tumor,ELOB,610.0,0.95,756.35
tumor,ZNF91,610.0,1.0,755.15
tumor,ATP5F1D,609.0,0.95,770.55
tumor,BTAF1,608.0,0.95,783.8
tumor,ELK4,608.0,1.0,791.55
tumor,MAP3K2,608.0,0.95,811.9
tumor,LATS1,607.0,1.0,786.25
tumor,ZNF654,606.0,1.0,789.2
tumor,USF3,605.0,1.0,794.45
tumor,KANSL1,600.0,0.95,795.6
tumor,DENND4A,599.0,0.95,792.45
tumor,TTBK2,596.0,1.0,813.9
tumor,RBM12B,595.0,1.0,784.45
tumor,C9ORF16,594.0,0.9,760.6
tumor,VPS13B,594.0,1.0,798.5
tumor,PTAR1,592.0,0.95,770.0
tumor,BRAF,589.0,1.0,767.8
tumor,PIK3C2A,587.0,0.95,758.1
tumor,NUFIP2,585.0,1.0,794.45
tumor,RTTN,584.0,1.0,762.3
tumor,UBN2,584.0,1.0,742.15
tumor,MKLN1,583.0,0.95,801.85
tumor,ZNF407,583.0,1.0,773.35
tumor,MORC3,581.0,1.0,768.65
tumor,RYR2,580.0,0.95,760.95
tumor,SETX,578.0,1.0,757.25
tumor,ZBTB44,576.0,1.0,753.5
tumor,QSER1,575.0,1.0,757.7
tumor,LTN1,574.0,1.0,785.6
tumor,N4BP2L2,573.0,0.95,749.95
tumor,GCC2,572.0,1.0,752.8
tumor,SENP7,572.0,0.95,725.7
tumor,ZNF518A,570.0,0.95,784.25
tumor,DYRK1A,569.0,1.0,728.0
tumor,NBEAL1,569.0,1.0,769.8
tumor,PCF11,569.0,0.95,704.9
tumor,SMC5,564.0,1.0,744.45
tumor,PAXBP1,563.0,1.0,670.45
tumor,CEP135,562.0,1.0,735.55
tumor,KMT2A,561.0,1.0,731.95
tumor,RNF169,561.0,1.0,721.0
tumor,EFCAB13,559.0,0.95,781.0
tumor,YIF1A,558.0,0.95,721.3
tumor,WDFY3,556.0,1.0,752.25
tumor,PRPF4B,554.0,1.0,729.7
tumor,BPTF,553.0,1.0,707.35
tumor,XRN1,553.0,0.95,743.1
tumor,ZFYVE16,553.0,0.95,706.15
tumor,AKAP11,551.0,0.95,707.9
tumor,NKTR,549.0,0.95,702.4
tumor,RORA,549.0,0.9,716.6
tumor,ALKBH7,548.0,0.95,724.95
tumor,ARID2,547.0,1.0,716.9
tumor,RBM15,545.0,1.0,719.35
tumor,TNRC6A,545.0,0.95,687.7
tumor,ATR,544.0,0.95,771.05
tumor,EBLN2,543.0,1.0,744.25
tumor,SLF2,543.0,0.95,706.15
tumor,EDRF1,542.0,0.95,696.75
tumor,GDAP2,540.0,0.9,748.9
tumor,ANKRD61,538.0,0.9,708.0
tumor,FAM76B,537.0,1.0,705.3
tumor,RBM33,536.0,0.95,700.45
tumor,CEP350,534.0,1.0,674.8
tumor,LNPEP,533.0,1.0,746.9
tumor,MYO9A,531.0,1.0,728.85
tumor,VPS13C,529.0,0.9,718.2
tumor,ZFC3H1,529.0,0.85,709.35
tumor,CEP295,528.0,1.0,683.8
tumor,PDS5B,528.0,1.0,672.75
tumor,N4BP2,527.0,1.0,685.55
tumor,OTUD4,527.0,0.95,685.35
tumor,SCAF8,527.0,0.95,671.95
tumor,ZDHHC12,527.0,0.9,691.0
tumor,ERCC6,526.0,1.0,698.55
tumor,FKBP8,525.0,0.95,710.6
tumor,TRPM7,525.0,0.9,705.8
tumor,JMJD1C,523.0,0.95,685.75
tumor,ZNF445,521.0,1.0,689.35
tumor,ZNF460,520.0,0.95,769.2
tumor,ZNF891,519.0,0.9,666.3
tumor,HECTD2,518.0,0.9,706.0
tumor,ZNF805,518.0,1.0,700.45
tumor,USP37,517.0,1.0,678.9
tumor,EPC1,516.0,1.0,684.55
tumor,KMT2C,514.0,1.0,673.2
tumor,BANF1,513.0,0.95,660.95
tumor,LCOR,513.0,1.0,672.6
tumor,RC3H2,513.0,1.0,679.3
tumor,TNRC6B,512.0,1.0,702.35
tumor,RUFY3,511.0,0.9,692.0
tumor,CEP85L,510.0,0.95,734.15
tumor,PHF3,510.0,1.0,667.9
tumor,ZNF780A,509.0,0.95,726.05
tumor,KDM6A,508.0,0.95,688.85
tumor,FRYL,507.0,1.0,699.0
tumor,PRDM10,507.0,1.0,707.15
tumor,CNOT6L,506.0,0.95,680.5
tumor,FAN1,506.0,0.8,669.65
tumor,PPWD1,503.0,0.9,662.6
tumor,BDP1,502.0,0.9,635.15
tumor,KIAA0586,501.0,0.9,675.4
tumor,EEA1,500.0,0.95,705.95
tumor,PPIP5K2,499.0,0.9,646.05
tumor,SRSF1,499.0,0.9,698.75
tumor,TAS2R20,499.0,0.85,671.2
tumor,AAK1,496.0,0.95,704.6
tumor,CCDC82,496.0,0.85,702.8
tumor,PIAS1,496.0,0.95,680.6
tumor,RASA2,496.0,0.95,712.75
tumor,USP45,496.0,0.95,693.1
tumor,ATXN3,495.0,0.95,668.9
tumor,AURKAIP1,495.0,0.95,694.95
tumor,NEMF,495.0,0.95,642.85
tumor,ZNF644,495.0,0.95,686.1
tumor,MYCBP2,492.0,0.95,654.2
tumor,ZDHHC17,492.0,0.75,588.8
tumor,UBE2V1,490.0,0.95,681.3
tumor,ZNF235,490.0,0.9,685.65
tumor,CCDC124,488.0,0.95,650.6
tumor,CDK13,488.0,0.85,649.3
tumor,XPO4,487.0,0.95,638.05
tumor,FANCM,486.0,1.0,670.35
tumor,SENP6,486.0,0.85,663.9
tumor,TIMM10,486.0,0.95,645.85
tumor,DDHD1,485.0,0.8,672.95
tumor,EPS15,485.0,0.9,680.85
tumor,ELF2,483.0,0.9,659.25
tumor,RWDD3,482.0,0.9,711.85
tumor,MRPL28,481.0,0.9,614.7
tumor,GNRH1,480.0,0.95,652.0
tumor,ANAPC11,479.0,0.95,651.35
tumor,DCAF17,479.0,0.9,662.45
tumor,YTHDC2,479.0,0.85,638.7
tumor,ZNF510,479.0,0.9,621.6
tumor,FKTN,476.0,0.95,675.05
tumor,ACAP2,475.0,0.95,730.5
tumor,NDUFB7,475.0,0.95,670.85
tumor,SMCHD1,475.0,0.9,689.4
tumor,HIVEP1,474.0,0.9,633.95
tumor,PCNX4,471.0,0.85,641.95
tumor,SLC25A39,471.0,0.95,587.15
tumor,KIAA2026,470.0,0.95,661.25
tumor,ALMS1,469.0,0.95,632.45
tumor,APRT,469.0,0.95,686.95
tumor,ARID4B,467.0,0.9,629.9
tumor,EVI5,465.0,0.95,676.6
tumor,MACF1,465.0,1.0,657.45
tumor,PAN3,465.0,0.9,628.65
tumor,ZNF236,465.0,1.0,644.8
tumor,FAM199X,464.0,0.95,657.25
tumor,KANSL1L,464.0,0.9,656.2
tumor,POLR2L,464.0,0.8,644.4
tumor,GIT2,461.0,0.95,673.65
tumor,PNISR,461.0,0.95,620.7
tumor,ROMO1,461.0,0.95,624.95
tumor,FNIP1,459.0,0.95,655.0
tumor,RALGAPB,459.0,1.0,640.45
tumor,ADRM1,457.0,0.8,542.55
tumor,ATXN7,457.0,0.95,621.35
tumor,FER,457.0,0.8,640.2
tumor,ZBTB34,457.0,1.0,652.4
tumor,PBRM1,456.0,0.95,647.75
tumor,RPLP2,456.0,0.75,616.8
tumor,INTS6,455.0,0.95,654.55
tumor,KLC1,455.0,0.8,615.3
tumor,STX17,454.0,0.8,596.9
tumor,RUFY2,452.0,0.9,657.9
tumor,KIAA1109,451.0,0.9,631.3
tumor,LRIG2,451.0,1.0,667.1
tumor,MLH3,451.0,0.95,616.85
tumor,DPP8,450.0,0.95,631.6
tumor,ZNF652,450.0,1.0,638.25
tumor,DMTF1,447.0,0.85,610.45
tumor,SLC30A4,447.0,0.9,686.15
tumor,ZNF674,447.0,0.95,683.35
tumor,UBE3A,446.0,1.0,647.75
tumor,NHLRC2,444.0,0.8,637.45
tumor,ZNF611,444.0,0.9,620.25
tumor,CHORDC1,442.0,0.75,637.3
tumor,GLIPR1L1,442.0,0.85,663.35
tumor,PIAS2,439.0,0.9,668.05
tumor,EXOG,437.0,0.9,611.8
tumor,R3HCC1L,437.0,0.8,601.6
tumor,SCAND1,437.0,0.85,625.15
tumor,ATF7IP,436.0,0.85,575.55
tumor,RFX7,436.0,1.0,603.35
tumor,PGGT1B,435.0,0.85,634.85
tumor,COPE,434.0,0.9,636.4
tumor,NUBP2,434.0,0.95,584.95
tumor,SOCS4,434.0,0.85,615.9
tumor,KLHL28,433.0,0.85,616.3
tumor,FAU,432.0,0.7,574.95
tumor,PHF20L1,432.0,0.85,626.15
tumor,MGA,430.0,0.9,614.45
tumor,CCP110,429.0,0.85,632.9
tumor,CHD2,429.0,0.75,584.85
tumor,KMT2E,428.0,1.0,593.1
tumor,TSR3,428.0,0.85,579.25
tumor,PIK3CA,427.0,0.85,625.15
tumor,CAPN7,426.0,0.8,640.9
tumor,CLOCK,425.0,0.95,634.75
tumor,DCP2,424.0,0.75,633.2
tumor,VPS13A,423.0,0.85,607.5
tumor,ZYG11B,423.0,0.95,656.3
tumor,MEF2A,421.0,0.9,615.1
tumor,SSR4,421.0,0.75,618.6
tumor,AKAP9,420.0,1.0,618.75
tumor,HERC1,420.0,1.0,603.6
tumor,MICOS13,420.0,0.85,586.25
tumor,TTC14,419.0,0.9,621.4
tumor,RICTOR,418.0,0.85,647.25
tumor,AFF4,417.0,0.95,620.55
tumor,CASP8AP2,417.0,0.9,633.15
tumor,GABPA,417.0,1.0,688.25
tumor,TUT4,417.0,0.8,575.3
tumor,FAM126B,416.0,0.85,636.85
tumor,SCLT1,415.0,0.9,619.35
tumor,TRIP11,412.0,0.95,579.35
tumor,TNKS2,411.0,0.85,566.3
tumor,TSPO,411.0,0.8,642.6
tumor,ZNF721,411.0,0.75,550.0
tumor,GADD45GIP1,409.0,0.9,564.6
tumor,MED13,409.0,0.75,605.75
tumor,RPS15,409.0,0.9,562.35
tumor,C1ORF122,407.0,0.8,576.95
tumor,INVS,406.0,0.9,594.85
tumor,ZNF417,406.0,0.65,505.85
tumor,KAT6B,405.0,0.9,576.9
tumor,WDR27,405.0,0.8,585.7
tumor,ZNF148,404.0,0.95,620.3
tumor,DDX6,403.0,0.8,544.65
tumor,VPS8,403.0,0.85,625.25
tumor,GNB2,402.0,0.65,509.5
tumor,MRPS34,402.0,0.7,534.45
tumor,ANKRD36C,401.0,0.65,582.05
tumor,RPAP2,401.0,0.8,655.15
tumor,CLASP2,400.0,0.9,632.5
tumor,NDUFB11,400.0,0.85,558.15
tumor,PCNX1,399.0,0.7,592.75
tumor,TNPO1,399.0,0.85,561.2
tumor,ANKRD17,397.0,0.8,586.7
tumor,CCDC14,395.0,0.95,612.95
tumor,RBM39,395.0,0.85,590.4
tumor,CEP120,394.0,0.75,614.3
tumor,RIC1,394.0,0.85,584.85
tumor,ZNF37A,394.0,0.7,527.6
tumor,BOD1L1,393.0,0.75,535.0
tumor,TAS2R14,393.0,0.8,581.3
tumor,MBTD1,392.0,1.0,617.85
tumor,PSMB3,391.0,0.65,529.25
tumor,PURA,391.0,0.8,600.15
tumor,RPS2,389.0,0.7,518.3
tumor,SP3,389.0,0.75,551.65
tumor,ATXN1,388.0,0.85,603.25
tumor,TMEM161B,388.0,0.85,571.05
tumor,ZNRD2,387.0,0.85,574.85
tumor,AHI1,385.0,0.85,603.05
tumor,NME3,384.0,0.7,580.5
tumor,TBL3,384.0,0.65,525.85
tumor,GPS1,383.0,0.65,503.2
tumor,PANK3,383.0,0.9,604.8
tumor,TRA2B,383.0,0.85,625.0
tumor,UTRN,383.0,0.9,579.75
tumor,INTU,381.0,0.9,634.95
tumor,CCDC66,380.0,0.9,617.35
tumor,BSG,379.0,0.8,559.15
tumor,HSPBP1,379.0,0.8,533.15
tumor,EEF1AKMT2,377.0,0.75,641.8
tumor,C19ORF53,376.0,0.7,519.65
tumor,CDK17,376.0,0.85,573.05
tumor,ZNF638,376.0,0.75,523.85
tumor,ZNF678,376.0,0.7,589.85
tumor,ARHGAP5,375.0,0.75,549.65
tumor,REL,375.0,0.85,567.95
tumor,WDFY2,375.0,0.75,592.15
tumor,FAM111A,374.0,0.65,527.2
tumor,UQCRC1,373.0,0.5,501.3
tumor,ERBIN,372.0,0.7,554.15
tumor,MS4A4E,372.0,0.75,557.45
tumor,SCAI,372.0,0.75,537.05
tumor,SON,372.0,0.7,528.25
tumor,SPOPL,371.0,0.75,571.8
tumor,DDX17,370.0,0.7,540.65
tumor,COX5B,369.0,0.65,575.7
tumor,RPLP1,369.0,0.6,525.95
tumor,RPS9,369.0,0.55,512.25
tumor,ABCA6,368.0,0.8,584.5
tumor,KPNA5,368.0,0.95,611.85
tumor,MTX3,368.0,0.5,487.6
tumor,KLHL11,367.0,0.85,519.15
tumor,ASH1L,365.0,0.7,487.65
tumor,NF1,365.0,0.85,606.2
tumor,POLK,365.0,0.85,563.2
tumor,ZNF248,365.0,0.65,547.05
tumor,RNPC3,364.0,0.85,534.05
tumor,ZNF264,364.0,0.7,523.5
tumor,ZNF808,363.0,0.6,535.1
tumor,APC,362.0,0.75,534.05
tumor,JOSD2,361.0,0.7,565.6
tumor,S100PBP,361.0,0.8,564.05
tumor,ARIH1,360.0,0.7,528.65
tumor,ASXL2,360.0,0.75,544.5
tumor,PAXX,360.0,0.65,564.35
tumor,PFN1,360.0,0.7,517.35
tumor,ZNF326,360.0,0.65,537.0
tumor,UBXN7,358.0,0.85,566.4
tumor,CPLANE1,356.0,0.75,591.55
tumor,TASOR,356.0,0.7,561.4
tumor,ABHD18,355.0,0.6,558.75
tumor,LMAN2,353.0,0.5,500.25
tumor,SLC25A36,352.0,0.7,567.85
tumor,UBR3,352.0,0.75,522.5
tumor,GPR82,351.0,0.75,572.3
tumor,POU2F1,351.0,0.45,462.0
tumor,DOCK7,350.0,0.8,587.9
tumor,ISOC2,349.0,0.55,510.4
tumor,THAP6,349.0,0.65,543.4
tumor,TIMM13,349.0,0.4,465.2
tumor,ZNF483,348.0,0.7,540.05
tumor,LRCH3,347.0,0.7,574.9
tumor,MDM4,346.0,0.6,495.85
tumor,RBM25,346.0,0.65,521.45
tumor,AFF1,345.0,0.8,556.25
tumor,FNBP4,345.0,0.4,481.95
tumor,HSD17B10,345.0,0.5,480.45
tumor,SAC3D1,345.0,0.55,486.95
tumor,ZNF573,345.0,0.75,579.0
tumor,ZNHIT2,345.0,0.6,582.9
tumor,NNAT,344.0,0.7,536.15
tumor,RLIM,344.0,0.7,531.25
tumor,RSF1,344.0,0.65,529.75
tumor,LIN54,343.0,0.7,539.4
tumor,TRIM33,343.0,0.85,615.9
tumor,ZNF124,343.0,0.8,555.95
tumor,ZNF221,343.0,0.7,533.2
tumor,C16ORF72,342.0,0.65,499.6
tumor,MDN1,342.0,0.75,518.7
tumor,ATG2B,341.0,0.8,515.8
tumor,KDM7A,341.0,0.65,546.3
tumor,MAP4K5,341.0,0.85,553.35
tumor,RPL18,341.0,0.6,527.85
tumor,ZNF507,341.0,0.65,546.35
tumor,ZNF708,341.0,0.45,451.85
tumor,KDM4C,340.0,0.75,540.95
tumor,MRPL41,340.0,0.6,542.1
tumor,PRDX5,340.0,0.55,564.45
tumor,TOGARAM1,340.0,0.65,551.05
tumor,PUF60,339.0,0.7,496.2
tumor,GSK3B,338.0,0.65,532.65
tumor,TMPPE,338.0,0.65,510.35
tumor,ELP1,337.0,0.75,524.65
tumor,MRPS12,337.0,0.55,503.15
tumor,TMUB1,337.0,0.5,510.9
tumor,TULP4,337.0,0.6,473.4
tumor,ZNF841,337.0,0.45,495.5
tumor,ARHGDIA,336.0,0.45,454.25
tumor,MTMR9,336.0,0.8,559.6
tumor,RUVBL2,336.0,0.65,501.15
tumor,METTL26,335.0,0.35,477.5
tumor,SOS1,335.0,0.85,551.65
tumor,CUL5,334.0,0.65,559.7
tumor,RPL8,334.0,0.55,475.45
tumor,RFNG,332.0,0.55,472.35
tumor,ARF5,329.0,0.35,435.8
tumor,CHD1,329.0,0.8,538.95
tumor,NELFE,329.0,0.35,414.65
tumor,STK4,328.0,0.7,528.75
tumor,USP24,327.0,0.7,519.4
tumor,ZNF780B,327.0,0.6,552.5
tumor,MTR,326.0,0.6,487.1
tumor,TSSC4,325.0,0.65,524.1
tumor,ROCK2,324.0,0.7,465.05
tumor,C2ORF88,323.0,0.55,521.75
tumor,TSC1,323.0,0.7,548.65
tumor,LPP,322.0,0.7,546.55
tumor,XPO1,322.0,0.8,549.2
tumor,LRBA,321.0,0.5,462.1
tumor,AP4E1,320.0,0.6,517.25
tumor,TBC1D12,320.0,0.55,532.15
tumor,EMSY,319.0,0.55,470.2
tumor,PGAP1,318.0,0.75,573.0
tumor,ZNF169,317.0,0.65,493.75
tumor,RAB11FIP2,316.0,0.7,528.5
tumor,USP15,316.0,0.65,569.35
tumor,MAP3K1,315.0,0.45,468.0
tumor,TRMT112,315.0,0.5,499.8
tumor,ATP6V1F,314.0,0.35,452.85
tumor,MINDY2,314.0,0.75,550.65
tumor,PRKRA,313.0,0.65,559.75
tumor,PDS5A,312.0,0.7,511.5
tumor,POP7,312.0,0.25,399.7
tumor,CLPP,311.0,0.45,447.85
tumor,RPUSD1,311.0,0.7,498.6
tumor,SNTB2,311.0,0.5,475.3
tumor,GET3,310.0,0.3,427.4
tumor,NCLN,308.0,0.35,458.1
tumor,GIMAP5,307.0,0.6,504.8
tumor,IREB2,307.0,0.35,445.4
tumor,CEP152,306.0,0.6,478.55
tumor,NELFB,306.0,0.25,416.65
tumor,SYNGR2,305.0,0.5,493.0
tumor,TUT7,305.0,0.6,513.3
tumor,NR1H2,304.0,0.4,469.85
tumor,DRAP1,303.0,0.45,468.95
tumor,SMAD2,303.0,0.65,476.55
tumor,UBAP1L,303.0,0.6,520.6
tumor,ESCO1,301.0,0.55,501.6
tumor,FIG4,301.0,0.6,524.15
tumor,RALGAPA1,301.0,0.65,492.45
tumor,SMAD5,301.0,0.7,506.05
tumor,CD320,300.0,0.6,496.65
tumor,SHARPIN,300.0,0.3,453.05
tumor,ZNF493,300.0,0.55,474.35
tumor,EPM2AIP1,299.0,0.65,472.45
tumor,TCP11L2,299.0,0.7,513.5
tumor,ZBTB26,299.0,0.55,486.2
tumor,CCDC22,298.0,0.35,432.75
tumor,CISD3,298.0,0.4,418.95
tumor,HECTD4,298.0,0.35,429.35
tumor,MIB1,298.0,0.4,496.6
tumor,GALK1,297.0,0.6,502.9
tumor,ZNF621,297.0,0.6,543.1
tumor,CFL1,296.0,0.45,470.25
tumor,IMMP1L,296.0,0.45,477.15
tumor,ITCH,296.0,0.65,514.4
tumor,ARAP2,295.0,0.45,467.3
tumor,DLG1,295.0,0.65,544.45
tumor,MIS18BP1,295.0,0.5,457.35
tumor,CRYBG3,293.0,0.65,506.85
tumor,PTEN,293.0,0.65,514.5
tumor,RANBP2,292.0,0.55,449.35
tumor,TMEM208,292.0,0.45,508.2
tumor,CCDC18,291.0,0.6,505.7
tumor,CDK12,291.0,0.7,470.25
tumor,SETD2,291.0,0.55,523.5
tumor,SNRPD2,291.0,0.2,391.25
tumor,THOC1,291.0,0.65,502.3
tumor,CBL,290.0,0.65,505.05
tumor,CSNK1G1,290.0,0.6,463.75
tumor,EIF3I,290.0,0.3,421.4
tumor,OSBPL8,290.0,0.6,508.25
tumor,SYNJ1,290.0,0.7,520.15
tumor,BMPR2,288.0,0.45,463.05
tumor,G6PC3,288.0,0.4,466.8
tumor,WASHC4,288.0,0.7,495.15
tumor,DGCR6L,287.0,0.4,478.0
tumor,INTS6L,286.0,0.35,408.25
tumor,MRE11,286.0,0.8,588.9
tumor,XKR6,286.0,0.6,481.55
tumor,YDJC,286.0,0.3,456.95
tumor,ZNF546,286.0,0.45,503.55
tumor,MOB1B,285.0,0.3,430.5
tumor,SOS2,285.0,0.35,458.8
tumor,ZNF814,285.0,0.4,449.5
tumor,NDUFA3,284.0,0.5,470.95
tumor,DENND1B,283.0,0.6,511.4
tumor,GUCY1A2,283.0,0.5,531.55
tumor,TMEM161A,283.0,0.3,430.65
tumor,PPM1A,282.0,0.4,454.7
tumor,LRP2BP,281.0,0.4,477.3
tumor,TMEM101,281.0,0.25,396.45
tumor,CBX5,280.0,0.5,423.85
tumor,HNRNPH1,280.0,0.6,470.25
tumor,DPP7,279.0,0.55,483.7
tumor,CEP162,278.0,0.9,558.3
tumor,RBM12,278.0,0.55,482.5
tumor,TBC1D19,278.0,0.5,485.25
tumor,CRLF3,277.0,0.5,509.35
tumor,HECA,277.0,0.65,489.95
tumor,SPATA5,277.0,0.55,492.6
tumor,ALG10,276.0,0.55,505.35
tumor,TENT2,276.0,0.45,466.25
tumor,TSSK4,276.0,0.55,459.55
tumor,ZFX,276.0,0.4,454.85
tumor,FAM13B,275.0,0.55,449.8
tumor,SF3B5,275.0,0.45,400.55
tumor,TAF1,275.0,0.5,439.8
tumor,HAUS3,274.0,0.5,464.9
tumor,MCM9,274.0,0.45,439.9
tumor,ROCK1,274.0,0.45,452.85
tumor,OST4,273.0,0.2,379.7
tumor,POLD2,273.0,0.25,369.9
tumor,ZNF700,273.0,0.25,400.45
tumor,CREBRF,272.0,0.6,477.35
tumor,NSD1,272.0,0.55,439.1
tumor,PRPF19,272.0,0.35,404.75
tumor,SNX17,272.0,0.2,375.1
tumor,SUPT20H,272.0,0.4,464.05
tumor,GAB1,271.0,0.5,523.6
tumor,HELB,271.0,0.35,435.7
tumor,TACO1,271.0,0.25,394.1
tumor,TRDMT1,271.0,0.55,488.05
tumor,MTF2,270.0,0.6,491.8
tumor,SLC25A11,270.0,0.3,425.6
tumor,CEP83,269.0,0.4,438.65
tumor,NOC4L,269.0,0.15,392.55
tumor,SNAPC2,269.0,0.3,435.1
tumor,CCDC152,268.0,0.65,561.0
tumor,GPX4,267.0,0.3,398.7
tumor,KLHL15,267.0,0.25,406.8
tumor,LAMTOR4,267.0,0.3,407.8
tumor,MRPL12,267.0,0.45,474.7
tumor,NIPBL,267.0,0.55,444.15
tumor,SNRPB,267.0,0.25,437.85
tumor,TBC1D32,266.0,0.65,487.1
tumor,CARF,265.0,0.65,492.85
tumor,LIN7C,265.0,0.55,506.1
tumor,SNRK,265.0,0.65,485.5
tumor,SRSF11,265.0,0.7,521.45
tumor,STOML2,265.0,0.15,363.0
tumor,ABI2,264.0,0.6,545.4
tumor,CPEB3,264.0,0.55,486.85
tumor,CWF19L2,264.0,0.55,489.1
tumor,NDUFB10,264.0,0.25,388.8
tumor,RLF,264.0,0.55,482.2
tumor,ZNF559,263.0,0.2,366.2
tumor,CUTA,262.0,0.35,433.0
tumor,PPP1R12A,262.0,0.5,456.15
tumor,ZNF587,262.0,0.25,431.0
tumor,STRN,261.0,0.5,482.85
tumor,ECI1,260.0,0.2,403.45
tumor,FARSA,260.0,0.25,411.35
tumor,TLK1,259.0,0.5,471.8
tumor,USP12,259.0,0.5,456.45
tumor,ZBTB11,258.0,0.7,520.8
tumor,FAR1,257.0,0.4,465.7
tumor,NAA16,257.0,0.4,450.1
tumor,CCNH,256.0,0.45,460.25
tumor,TMEM170A,256.0,0.45,457.15
tumor,VPS28,256.0,0.2,373.4
tumor,CEP57L1,255.0,0.55,524.1
tumor,DNAJC13,255.0,0.45,446.65
tumor,EXOSC5,255.0,0.15,409.7
tumor,GNL3L,255.0,0.35,413.25
tumor,MFSD5,255.0,0.3,442.95
tumor,ZNF26,255.0,0.35,429.7
tumor,ALG10B,254.0,0.65,543.25
tumor,CTDSPL2,254.0,0.7,514.1
tumor,LTB4R2,254.0,0.4,436.85
tumor,MPV17L2,254.0,0.25,415.1
tumor,GPATCH2,253.0,0.35,446.85
tumor,ZNF587B,253.0,0.4,460.1
tumor,THOC6,252.0,0.2,379.4
tumor,ZNF586,252.0,0.3,450.85
tumor,AGO4,251.0,0.5,466.4
tumor,WDR26,251.0,0.55,466.75
tumor,ANAPC4,249.0,0.45,486.95
tumor,KIAA0825,249.0,0.45,468.1
tumor,PHB,249.0,0.2,339.65
normal,HECTD4,1524.0,1.0,1537.3
normal,ASH1L,1482.0,1.0,1513.3
normal,BAZ2A,1453.0,1.0,1442.85
normal,GPATCH8,1449.0,1.0,1460.4
normal,CLASP1,1447.0,1.0,1493.45
normal,BPTF,1439.0,1.0,1464.65
normal,KDM3B,1435.0,1.0,1465.9
normal,KMT2A,1429.0,1.0,1480.85
normal,MECP2,1427.0,1.0,1462.65
normal,SETD2,1427.0,1.0,1447.15
normal,TAF1,1419.0,1.0,1481.9
normal,LRCH3,1413.0,1.0,1429.95
normal,POGZ,1410.0,1.0,1467.8
normal,SETD5,1406.0,1.0,1423.35
normal,TPR,1398.0,1.0,1412.55
normal,ANKRD11,1393.0,1.0,1401.6
normal,ZNF236,1376.0,1.0,1438.7
normal,HERC2,1375.0,1.0,1381.15
normal,ARID1B,1374.0,1.0,1410.85
normal,GON4L,1368.0,1.0,1411.35
normal,CHD8,1366.0,1.0,1383.65
normal,TCF20,1365.0,1.0,1365.05
normal,YLPM1,1361.0,1.0,1373.35
normal,DIP2A,1359.0,1.0,1390.35
normal,TUG1,1351.0,1.0,1404.3
normal,ATG2B,1348.0,1.0,1443.2
normal,EP300,1348.0,1.0,1352.75
normal,MDC1,1347.0,1.0,1361.6
normal,KMT2C,1340.0,1.0,1378.65
normal,CREBBP,1339.0,1.0,1368.3
normal,BOD1L1,1330.0,1.0,1381.4
normal,CDK13,1328.0,1.0,1405.85
normal,CHD6,1328.0,1.0,1408.7
normal,MTR,1327.0,1.0,1386.5
normal,KIAA1109,1323.0,1.0,1407.6
normal,KMT2D,1322.0,1.0,1300.25
normal,NCBP3,1321.0,1.0,1396.7
normal,EP400,1319.0,1.0,1329.6
normal,NSD3,1317.0,1.0,1392.55
normal,NR2C2,1315.0,1.0,1357.55
normal,TRRAP,1315.0,1.0,1300.35
normal,DDX42,1310.0,1.0,1346.75
normal,RALGAPB,1309.0,1.0,1383.25
normal,USF3,1309.0,1.0,1370.05
normal,VPS13D,1306.0,1.0,1314.3
normal,GIGYF2,1305.0,1.0,1309.2
normal,MDN1,1302.0,1.0,1329.5
normal,RAD54L2,1298.0,1.0,1292.1
normal,VPS13B,1297.0,1.0,1332.85
normal,TNKS,1296.0,1.0,1364.05
normal,CDC42BPA,1292.0,1.0,1353.35
normal,EMSY,1290.0,1.0,1387.9
normal,HECTD1,1290.0,1.0,1356.7
normal,ARID2,1287.0,1.0,1358.9
normal,ZNF142,1287.0,1.0,1284.05
normal,ZSCAN29,1287.0,1.0,1306.65
normal,EXOSC10,1285.0,1.0,1315.15
normal,TUT4,1282.0,1.0,1342.2
normal,WIPF2,1278.0,1.0,1287.6
normal,ZNF445,1277.0,1.0,1306.1
normal,ZBTB40,1273.0,1.0,1294.35
normal,UBR4,1271.0,1.0,1251.9
normal,HELZ,1268.0,1.0,1330.9
normal,HERC1,1265.0,1.0,1253.05
normal,NIPBL,1265.0,1.0,1322.0
normal,BIRC6,1261.0,1.0,1283.25
normal,GSE1,1260.0,1.0,1303.25
normal,PCNT,1260.0,1.0,1280.25
normal,ICE1,1259.0,1.0,1294.75
normal,HUWE1,1258.0,1.0,1249.25
normal,UBN1,1257.0,1.0,1241.35
normal,SMARCA2,1254.0,1.0,1287.95
normal,ALS2,1253.0,1.0,1251.05
normal,NCOA6,1253.0,1.0,1256.8
normal,TRIM56,1252.0,1.0,1259.9
normal,REV3L,1251.0,1.0,1310.45
normal,USP24,1251.0,1.0,1287.35
normal,ZC3H13,1251.0,1.0,1328.05
normal,DHX38,1250.0,1.0,1279.1
normal,SART3,1249.0,1.0,1222.9
normal,MCM3AP,1248.0,1.0,1231.9
normal,MAVS,1244.0,1.0,1238.8
normal,TNRC6A,1241.0,1.0,1311.75
normal,DYNC1H1,1240.0,1.0,1237.25
normal,PRRC2B,1240.0,1.0,1244.15
normal,SZT2,1240.0,1.0,1269.4
normal,ECPAS,1239.0,1.0,1251.3
normal,KMT2E,1234.0,1.0,1216.25
normal,TRIM44,1234.0,1.0,1292.35
normal,MGA,1232.0,1.0,1266.25
normal,UBR5,1232.0,1.0,1279.2
normal,TRIP11,1231.0,1.0,1335.75
normal,SMG6,1224.0,1.0,1269.35
normal,OSBPL2,1221.0,1.0,1277.2
normal,NUMA1,1218.0,1.0,1264.55
normal,UBXN7,1218.0,1.0,1282.15
normal,ZNF621,1217.0,1.0,1291.4
normal,EHMT1,1216.0,0.95,1223.3
normal,NCOA1,1214.0,1.0,1263.1
normal,ARHGAP21,1213.0,1.0,1295.85
normal,PRR14L,1212.0,1.0,1203.25
normal,GATAD2B,1210.0,1.0,1197.2
normal,TOP2B,1209.0,1.0,1293.6
normal,KHNYN,1207.0,0.95,1185.45
normal,USP34,1207.0,1.0,1239.4
normal,MED13L,1206.0,1.0,1266.3
normal,KIAA2026,1205.0,1.0,1253.45
normal,MED1,1202.0,1.0,1222.9
normal,NFAT5,1201.0,1.0,1295.6
normal,BICRAL,1197.0,1.0,1292.75
normal,PHF2,1195.0,1.0,1290.7
normal,AFDN,1194.0,1.0,1298.35
normal,GAPVD1,1192.0,1.0,1273.55
normal,ZNF638,1192.0,1.0,1264.85
normal,DCAF5,1188.0,1.0,1235.2
normal,SMARCC2,1187.0,1.0,1276.95
normal,ZNF532,1185.0,1.0,1307.95
normal,NCOR1,1184.0,1.0,1211.6
normal,ZNF609,1184.0,1.0,1176.1
normal,ANKRD17,1183.0,1.0,1222.95
normal,SUPT20H,1183.0,1.0,1234.55
normal,ZNF407,1183.0,1.0,1192.0
normal,GOLGB1,1182.0,1.0,1250.45
normal,TNRC6B,1182.0,1.0,1240.55
normal,NEMF,1181.0,1.0,1267.55
normal,UBE3B,1181.0,1.0,1242.15
normal,ZCCHC14,1181.0,1.0,1246.9
normal,SBNO1,1180.0,1.0,1228.8
normal,SP1,1180.0,1.0,1228.05
normal,NEK9,1176.0,1.0,1244.65
normal,NSD1,1172.0,1.0,1215.7
normal,SUPT6H,1169.0,0.95,1159.65
normal,ATXN1L,1167.0,1.0,1255.1
normal,ADCY6,1163.0,1.0,1189.6
normal,NF1,1161.0,1.0,1230.0
normal,FAM193A,1158.0,1.0,1185.1
normal,MTOR,1157.0,1.0,1125.8
normal,TSC2,1156.0,0.9,1164.75
normal,AFF1,1154.0,1.0,1209.75
normal,ERC1,1154.0,1.0,1203.0
normal,AAK1,1153.0,1.0,1173.5
normal,SETX,1153.0,1.0,1199.15
normal,NSD2,1150.0,0.9,1101.75
normal,DROSHA,1147.0,1.0,1215.45
normal,SPEN,1147.0,1.0,1153.4
normal,MLLT6,1146.0,1.0,1211.75
normal,ZXDC,1146.0,0.95,1169.9
normal,ARID1A,1145.0,1.0,1116.85
normal,EPG5,1141.0,1.0,1214.0
normal,SOGA1,1141.0,1.0,1209.2
normal,ZNF37A,1140.0,1.0,1209.3
normal,ATXN2,1138.0,0.95,1154.85
normal,PRDM10,1138.0,1.0,1205.85
normal,ACIN1,1137.0,0.9,1141.55
normal,WDFY3,1134.0,1.0,1193.7
normal,MACF1,1132.0,1.0,1213.05
normal,ADAR,1130.0,1.0,1135.1
normal,ZSWIM8,1128.0,0.95,1180.85
normal,UBAP2L,1126.0,0.9,1113.85
normal,FBH1,1123.0,1.0,1207.45
normal,MYO9A,1123.0,1.0,1180.95
normal,RABGAP1,1123.0,1.0,1246.9
normal,SLTM,1122.0,1.0,1169.7
normal,RREB1,1121.0,0.95,1113.0
normal,BRD1,1120.0,0.95,1086.1
normal,CRAMP1,1120.0,0.9,1144.0
normal,USP47,1117.0,1.0,1200.3
normal,GTF3C1,1116.0,0.95,1122.65
normal,GOLGA3,1114.0,0.85,1106.5
normal,GBF1,1113.0,0.9,1097.95
normal,MIA3,1113.0,1.0,1191.35
normal,SATB1,1112.0,1.0,1173.85
normal,SIN3A,1111.0,1.0,1175.7
normal,ERCC6L2,1110.0,1.0,1202.2
normal,GSK3B,1110.0,1.0,1220.75
normal,PRDM2,1110.0,0.95,1155.0
normal,LONP2,1109.0,1.0,1142.0
normal,YTHDC1,1109.0,1.0,1203.75
normal,AQR,1106.0,1.0,1168.95
normal,SPG11,1106.0,1.0,1152.85
normal,SOS1,1105.0,1.0,1195.95
normal,DIDO1,1104.0,0.95,1123.0
normal,TNRC6C,1104.0,1.0,1175.3
normal,TTBK2,1104.0,1.0,1198.05
normal,USP48,1103.0,1.0,1211.9
normal,PAXIP1,1102.0,1.0,1128.05
normal,DOP1A,1101.0,1.0,1206.6
normal,ZC3H4,1100.0,0.9,1047.8
normal,KMT5B,1099.0,0.9,1173.4
normal,PHF8,1099.0,1.0,1147.65
normal,SRRM1,1099.0,1.0,1131.95
normal,TTC17,1099.0,1.0,1151.5
normal,ZKSCAN8,1099.0,0.95,1160.7
normal,MPHOSPH8,1098.0,1.0,1198.5
normal,SMG1,1097.0,0.95,1150.2
normal,SMG7,1097.0,0.9,1060.3
normal,ARHGEF7,1096.0,0.8,1055.75
normal,SRRM2,1094.0,0.9,1110.1
normal,FAM168B,1091.0,1.0,1176.7
normal,SFSWAP,1090.0,0.9,1112.75
normal,TRIO,1089.0,0.9,1079.45
normal,AP1G1,1087.0,1.0,1151.15
normal,CHD3,1087.0,0.95,1075.3
normal,ZZEF1,1087.0,0.95,1103.1
normal,MYCBP2,1085.0,1.0,1093.0
normal,DST,1084.0,1.0,1174.15
normal,KANSL1,1084.0,0.95,1081.65
normal,MED23,1084.0,0.95,1140.65
normal,RBSN,1084.0,1.0,1192.45
normal,SEC16A,1084.0,0.9,1058.9
normal,NFRKB,1082.0,1.0,1126.8
normal,RC3H2,1082.0,1.0,1118.1
normal,MLXIP,1081.0,0.85,1094.65
normal,XPC,1081.0,1.0,1115.15
normal,SCAPER,1080.0,1.0,1169.5
normal,GOLGA4,1077.0,1.0,1123.3
normal,ANKRD52,1075.0,0.85,1067.95
normal,RALGAPA1,1073.0,1.0,1159.0
normal,ELP1,1071.0,0.9,1090.8
normal,CNOT1,1069.0,1.0,1062.7
normal,CEP350,1067.0,1.0,1140.05
normal,DSTYK,1067.0,0.95,1161.3
normal,R3HDM2,1067.0,0.9,1049.4
normal,RBM28,1067.0,0.9,1085.75
normal,WRN,1065.0,1.0,1163.75
normal,ARFGEF1,1063.0,0.95,1119.75
normal,FRYL,1063.0,0.95,1142.85
normal,KAT6B,1063.0,0.95,1138.85
normal,RSF1,1063.0,0.95,1157.4
normal,KPNA6,1061.0,0.95,1086.7
normal,SNRNP200,1060.0,1.0,1081.35
normal,TECPR2,1060.0,0.9,1079.05
normal,PHF21A,1057.0,0.95,1132.45
normal,SON,1056.0,1.0,1132.55
normal,MON2,1055.0,1.0,1140.75
normal,XPO7,1055.0,1.0,1120.6
normal,PEAK1,1054.0,0.95,1135.5
normal,PHKA2,1054.0,0.9,1062.55
normal,PIKFYVE,1054.0,1.0,1138.25
normal,MAML1,1053.0,0.85,1060.6
normal,MAP4K5,1050.0,1.0,1152.3
normal,RBM33,1048.0,0.85,1077.05
normal,MORC2,1047.0,0.9,1044.6
normal,MPRIP,1046.0,0.95,1085.85
normal,AGO3,1044.0,1.0,1114.05
normal,MARCHF6,1044.0,1.0,1172.5
normal,TCOF1,1044.0,0.85,1040.45
normal,DVL3,1043.0,0.8,1040.4
normal,SIPA1L1,1042.0,1.0,1089.75
normal,EEF2K,1041.0,1.0,1092.75
normal,ZC3H7B,1041.0,0.9,1061.05
normal,MBD1,1040.0,0.9,1087.85
normal,MED14,1040.0,1.0,1065.55
normal,MED12,1039.0,0.9,1061.5
normal,SLC24A1,1037.0,0.75,1069.8
normal,PBRM1,1036.0,1.0,1112.25
normal,ARHGEF11,1035.0,0.8,1051.6
normal,BMS1,1033.0,0.9,1058.0
normal,SEC63,1033.0,0.95,1103.95
normal,BAZ1B,1031.0,0.8,1000.2
normal,SCMH1,1030.0,0.9,1061.2
normal,BDP1,1028.0,1.0,1147.75
normal,BICD2,1028.0,0.9,1077.55
normal,KIF13B,1028.0,0.9,1053.1
normal,EIF4G3,1027.0,0.95,1032.85
normal,FAM120B,1027.0,1.0,1114.8
normal,SCAF11,1027.0,0.95,1126.45
normal,CLCN6,1026.0,0.85,1070.3
normal,GCN1,1026.0,0.9,1002.05
normal,CBFA2T2,1025.0,1.0,1103.05
normal,UTRN,1025.0,0.9,1050.45
normal,ADNP,1019.0,0.8,1106.35
normal,GPR107,1019.0,0.95,1058.7
normal,MAP3K4,1019.0,1.0,1126.55
normal,BTRC,1018.0,1.0,1131.1
normal,PHF3,1018.0,1.0,1059.55
normal,RASA1,1018.0,0.9,1058.4
normal,NCOA2,1017.0,0.85,1078.6
normal,SPATA5,1015.0,0.95,1070.8
normal,RALGAPA2,1010.0,0.85,1009.15
normal,USP7,1010.0,0.9,1009.65
normal,PPARA,1009.0,1.0,1062.15
normal,GOSR1,1008.0,0.95,1090.9
normal,CDK12,1005.0,1.0,1059.45
normal,ZMYM2,1004.0,1.0,1126.5
normal,DDX46,1003.0,1.0,1056.6
normal,NEURL4,1002.0,0.85,1032.8
normal,DHX16,1001.0,0.7,1010.2
normal,ZNF326,1001.0,1.0,1104.45
normal,DLG5,1000.0,0.9,1027.3
normal,PAN3,1000.0,1.0,1094.0
normal,FYCO1,997.0,0.95,1047.2
normal,GABPB2,997.0,0.95,1071.35
normal,PHACTR4,997.0,0.95,1077.7
normal,HP1BP3,996.0,1.0,1103.95
normal,TRAK1,996.0,0.75,1017.15
normal,AGO1,995.0,0.95,1065.05
normal,BAZ2B,995.0,1.0,1102.8
normal,SPTAN1,995.0,1.0,1058.4
normal,TOPBP1,994.0,0.95,1055.45
normal,NFATC2IP,989.0,0.85,1034.85
normal,ASXL1,988.0,0.85,1061.0
normal,PHC3,988.0,0.95,1131.35
normal,SETDB1,988.0,0.8,1025.15
normal,ANKFY1,987.0,0.8,974.75
normal,PCM1,987.0,1.0,1058.8
normal,RGP1,987.0,0.85,1020.65
normal,PBX2,986.0,0.9,1057.85
normal,CTR9,985.0,0.95,1025.7
normal,CUL9,985.0,0.9,1037.8
normal,TSC1,985.0,0.9,1043.45
normal,LATS1,984.0,0.85,1107.55
normal,SENP6,983.0,0.95,1094.8
normal,CHD7,981.0,0.75,984.85
normal,TCHP,981.0,0.9,1054.15
normal,AGO4,980.0,1.0,1070.05
normal,COG1,980.0,0.9,1020.65
normal,ILF3,980.0,0.85,1044.8
normal,STARD9,979.0,0.95,1068.9
normal,METTL16,978.0,0.95,1029.95
normal,ATF7,977.0,0.8,1019.9
normal,TNPO2,977.0,0.5,955.25
normal,ANAPC1,976.0,0.75,982.3
normal,DCAF16,974.0,0.9,1046.55
normal,SOS2,974.0,0.95,1051.45
normal,KMT2B,972.0,0.65,961.65
normal,KDM5A,971.0,0.95,1001.05
normal,CTCF,969.0,0.85,1018.85
normal,PRPF4B,969.0,1.0,1091.9
normal,INTS3,968.0,0.85,997.05
normal,WAC,968.0,0.95,1086.8
normal,BRPF3,967.0,0.8,985.8
normal,ROCK1,966.0,0.95,1015.8
normal,HDAC6,965.0,0.55,961.3
normal,TP53BP1,965.0,0.75,962.05
normal,APC,964.0,0.7,1011.35
normal,FOXJ3,964.0,1.0,1093.75
normal,AGAP1,962.0,0.85,993.95
normal,WNK1,962.0,0.75,960.75
normal,KIAA0586,961.0,0.95,1090.6
normal,ASXL2,960.0,0.9,1015.8
normal,RELCH,960.0,0.9,1034.85
normal,TASOR,959.0,0.9,1057.35
normal,PHF12,958.0,0.7,984.15
normal,KDM2A,957.0,0.65,972.3
normal,KANSL3,956.0,0.85,1021.55
normal,LAMA5,956.0,0.85,996.2
normal,TASOR2,956.0,1.0,1023.55
normal,IPO9,955.0,0.75,974.95
normal,DNAJC11,954.0,0.7,959.75
normal,TAOK2,954.0,0.65,901.25
normal,EYA3,953.0,0.7,938.7
normal,FER,953.0,0.85,1040.1
normal,ARHGAP35,950.0,0.9,984.0
normal,HGSNAT,950.0,0.75,970.2
normal,MTF1,950.0,0.75,969.55
normal,CRYBG3,947.0,0.95,1000.05
normal,SYNJ1,947.0,0.95,1015.5
normal,TMEM131,947.0,0.7,940.85
normal,FOXJ2,945.0,0.75,982.45
normal,RAPGEF2,945.0,0.9,988.25
normal,MEGF8,943.0,0.65,944.15
normal,EFCAB14,942.0,0.9,978.6
normal,TBC1D5,939.0,0.85,970.55
normal,SNX1,938.0,0.9,1024.95
normal,LARP1,936.0,0.6,932.05
normal,C6ORF89,935.0,0.85,1012.8
normal,CHD9,934.0,0.95,1037.95
normal,ROCK2,933.0,0.95,1027.9
normal,AHNAK,932.0,0.95,1063.0
normal,ATRX,932.0,0.75,1049.4
normal,AHCTF1,931.0,1.0,1007.85
normal,TNRC18,931.0,0.75,944.2
normal,BTBD7,929.0,0.8,998.8
normal,FAN1,929.0,0.9,1059.05
normal,CKAP5,928.0,0.7,930.45
normal,SHPRH,927.0,0.75,1006.45
normal,POLR3A,926.0,0.7,992.7
normal,CLCC1,925.0,0.7,978.55
normal,CTC1,925.0,0.75,920.55
normal,NUP205,925.0,0.55,907.35
normal,KIF13A,924.0,0.85,1014.15
normal,ZSCAN30,924.0,0.9,1036.0
normal,CEP192,923.0,0.9,1015.8
normal,NUP214,922.0,0.6,945.8
normal,KAT6A,921.0,1.0,1024.05
normal,MADD,921.0,0.65,959.85
normal,MRE11,921.0,0.95,1038.55
normal,SMC3,921.0,0.75,1016.75
normal,TTI1,921.0,0.75,986.0
normal,ZNF512B,921.0,0.55,904.2
normal,ATXN1,920.0,0.8,971.65
normal,MTA1,920.0,0.75,982.4
normal,CCDC149,919.0,0.95,1001.0
normal,NFX1,919.0,0.95,1022.55
normal,ZNF629,919.0,0.6,885.55
normal,BRWD1,918.0,0.85,1044.1
normal,EXOC6B,918.0,0.8,996.15
normal,TOM1L2,918.0,0.8,991.05
normal,EIF2AK2,916.0,0.7,990.9
normal,ZNF197,916.0,0.8,1008.85
normal,ARFGEF2,915.0,0.85,971.7
normal,ZNF146,914.0,0.7,958.3
normal,ZFHX3,913.0,0.8,996.75
normal,MARF1,911.0,0.75,983.25
normal,TPP2,911.0,0.95,1040.3
normal,KDM4C,909.0,0.75,953.55
normal,HMBOX1,908.0,0.75,986.5
normal,INO80,908.0,0.5,919.7
normal,PARD3B,907.0,0.75,995.2
normal,SUPT5H,907.0,0.55,930.4
normal,ZNF384,907.0,0.75,940.1
normal,DYNC1LI2,906.0,0.75,1017.15
normal,SPTBN1,905.0,0.85,1008.3
normal,SYNRG,905.0,0.85,1003.25
normal,PRRC2A,904.0,0.4,868.0
normal,NRDE2,903.0,0.7,979.25
normal,NUP155,903.0,0.85,985.15
normal,TUBGCP6,903.0,0.75,942.75
normal,VPS13A,903.0,0.9,1031.9
normal,USP9X,902.0,0.7,956.45
normal,TLK2,901.0,0.85,970.9
normal,USP42,901.0,0.7,937.45
normal,KIF1B,900.0,0.7,973.65
normal,PPP1R13B,899.0,0.7,938.65
normal,PRPF8,898.0,0.55,898.75
normal,SYNE2,898.0,0.7,991.25
normal,CEP250,897.0,0.6,931.9
normal,EVC,897.0,0.7,944.6
normal,RNF216,897.0,0.6,910.85
normal,ZC3H7A,896.0,0.8,981.1
normal,TTC3,895.0,0.8,962.0
normal,DOCK1,894.0,0.55,954.1
normal,EPC1,894.0,0.75,978.9
normal,ZNF592,894.0,0.6,877.6
normal,ARPIN,893.0,0.5,884.1
normal,CBX5,893.0,0.75,972.3
normal,TAB3,893.0,0.85,983.25
normal,VPS54,892.0,1.0,1002.0
normal,PI4KA,891.0,0.45,845.65
normal,RBM41,891.0,0.95,1036.35
normal,UBN2,891.0,0.85,1002.3
normal,HTT,889.0,0.5,873.4
normal,BEND7,888.0,0.95,1011.9
normal,RAI1,888.0,0.4,843.45
normal,FAM168A,887.0,0.8,935.1
normal,BCLAF1,885.0,0.75,985.05
normal,CNOT3,885.0,0.55,895.45
normal,SPAG9,885.0,0.75,950.15
normal,STAG1,884.0,0.75,964.2
normal,ZNF33A,884.0,0.8,990.6
normal,RTF1,883.0,0.65,975.15
normal,ERICH1,882.0,0.65,950.05
normal,OGA,880.0,0.85,992.65
normal,UBE4B,879.0,0.6,925.85
normal,SLC4A1AP,878.0,0.85,1045.75
normal,ARMCX4,877.0,0.85,1002.05
normal,PKD1,877.0,0.6,906.0
normal,FBXW2,876.0,0.75,930.2
normal,KIAA1671,876.0,0.7,903.55
normal,QSER1,875.0,0.8,969.0
normal,DIP2C,874.0,0.7,978.95
normal,FBXO11,874.0,0.6,914.1
normal,HCFC1,874.0,0.45,850.6
normal,PLEKHM3,874.0,0.9,962.55
normal,REV1,873.0,0.75,941.55
normal,ZNF160,872.0,0.85,1000.25
normal,FKTN,871.0,0.9,1029.35
normal,RFC1,871.0,0.6,911.7
normal,TFDP2,870.0,0.55,973.8
normal,ATRN,869.0,0.5,876.8
normal,NOL9,869.0,0.5,860.95
normal,PPP1R26,869.0,0.65,924.2
normal,TTC28,869.0,0.55,912.3
normal,USP8,869.0,0.95,996.55
normal,CDC42BPB,867.0,0.5,856.1
normal,DCAF1,867.0,0.45,849.3
normal,POU6F1,867.0,0.65,980.65
normal,TUBGCP4,867.0,0.45,883.35
normal,VPS39,865.0,0.5,881.1
normal,ARHGEF12,864.0,0.55,909.05
normal,PAFAH1B1,864.0,0.9,964.3
normal,BBX,863.0,0.55,934.15
normal,WDR59,862.0,0.8,957.15
normal,ZNF587,862.0,0.85,946.65
normal,SCAF4,861.0,0.35,858.35
normal,WDR11,860.0,0.9,1020.0
normal,BRWD3,859.0,0.65,968.6
normal,DCTN1,859.0,0.4,894.1
normal,ZKSCAN1,858.0,0.6,950.95
normal,FNBP4,857.0,0.7,925.1
normal,SETD1B,857.0,0.45,826.7
normal,NFIC,856.0,0.55,898.3
normal,U2SURP,854.0,0.75,964.5
normal,SIPA1L3,853.0,0.45,834.85
normal,CNOT6,852.0,0.6,964.8
normal,TAOK1,851.0,0.65,938.6
normal,LRRC37B,849.0,0.65,932.95
normal,PATJ,848.0,0.7,930.85
normal,CCAR2,847.0,0.4,818.15
normal,DHX29,847.0,0.55,916.05
normal,NCOR2,846.0,0.5,846.8
normal,POLE,845.0,0.5,872.0
normal,SCAF8,845.0,0.5,896.05
normal,DNAJC13,844.0,0.7,937.9
normal,MTMR1,844.0,0.45,828.75
normal,GXYLT1,842.0,0.65,954.75
normal,PRDM4,841.0,0.65,935.65
normal,SAMD4B,841.0,0.55,871.85
normal,ZNF704,840.0,0.65,942.5
normal,SLX4,838.0,0.45,845.25
normal,WDR6,838.0,0.6,859.25
normal,ZMIZ2,838.0,0.5,850.35
normal,SMARCA4,837.0,0.45,825.35
normal,IGF1R,835.0,0.7,915.0
normal,UBR2,835.0,0.75,967.35
normal,POM121C,834.0,0.5,845.25
normal,ARID4B,833.0,0.85,989.5
normal,PRRC2C,833.0,0.75,954.0
normal,ZNF106,833.0,0.5,845.45
normal,CEP295,832.0,0.75,946.35
normal,INTS1,832.0,0.45,818.35
normal,LCOR,831.0,0.65,920.8
normal,SMC6,831.0,0.7,939.65
normal,TAF8,831.0,0.35,857.75
normal,UBE4A,831.0,0.6,892.95
normal,CAMTA2,830.0,0.35,826.15
normal,GLG1,830.0,0.3,826.75
normal,RALGPS1,827.0,0.65,945.3
normal,RPRD2,827.0,0.55,890.9
normal,AMOTL1,824.0,0.55,918.65
normal,CCDC93,823.0,0.55,872.5
normal,CEP290,822.0,0.7,944.65
normal,TRIM33,822.0,0.7,942.55
normal,GCC2,821.0,0.6,900.55
normal,SETD1A,821.0,0.25,813.2
normal,ELK4,820.0,0.5,877.35
normal,SYMPK,820.0,0.3,798.55
normal,TTC37,820.0,0.6,909.05
normal,DDX27,818.0,0.45,843.65
normal,NAV2,817.0,0.4,842.6
normal,HIP1,816.0,0.6,901.15
normal,NKTR,816.0,0.6,905.75
normal,SOCS7,816.0,0.4,829.5
normal,TFCP2,816.0,0.5,937.45
normal,RIF1,815.0,0.7,947.55
normal,THOC2,815.0,0.6,943.8
normal,TRIM26,815.0,0.3,806.7
normal,HDAC4,814.0,0.8,951.4
normal,RNF40,814.0,0.4,860.45
normal,RNMT,813.0,0.55,859.2
normal,SF3B1,813.0,0.7,909.55
normal,SMPD4,811.0,0.35,817.7
normal,BRD7,809.0,0.65,936.0
normal,MARK2,809.0,0.25,773.15
normal,PROSER1,809.0,0.55,837.3
normal,KTN1,808.0,0.75,947.0
normal,HTATSF1,807.0,0.7,943.0
normal,TAF4,806.0,0.25,818.5
normal,USP19,806.0,0.45,886.15
normal,PPP4R3A,805.0,0.6,904.4
normal,PLEKHA7,804.0,0.55,857.85
normal,LARP4B,803.0,0.3,841.1
normal,PTPRM,803.0,0.55,911.6
normal,SNX19,803.0,0.3,850.7
normal,CIZ1,801.0,0.55,864.9
normal,DHX33,801.0,0.5,902.15
normal,GPAT4,801.0,0.3,774.8
normal,ZMYM4,800.0,0.5,868.65
normal,DDHD2,798.0,0.8,986.65
normal,PIGG,798.0,0.35,830.4
normal,SMC1A,798.0,0.25,787.1
normal,UPF2,798.0,0.6,919.95
normal,PHC1,797.0,0.35,857.05
normal,VPS13C,796.0,0.65,905.5
normal,RAB3GAP1,795.0,0.4,866.75
normal,UBR3,795.0,0.5,873.65
normal,ZNF264,793.0,0.35,805.65
normal,C20ORF194,791.0,0.3,827.45
normal,TCAF1,791.0,0.45,845.1
normal,HIF1AN,790.0,0.5,889.4
normal,UBE2H,790.0,0.5,862.85
normal,POLR2A,789.0,0.35,779.25
normal,SGSM2,789.0,0.4,856.4
normal,ATR,787.0,0.45,859.6
normal,SMARCD1,787.0,0.3,779.05
normal,ZKSCAN5,787.0,0.4,860.15
normal,ZBTB37,786.0,0.5,879.4
normal,FARP1,785.0,0.45,848.0
normal,MYO18A,785.0,0.2,734.8
normal,CTDSP2,784.0,0.45,882.55
normal,TRAPPC10,784.0,0.25,771.15
normal,FAM160B2,783.0,0.4,783.4
normal,GCC1,783.0,0.3,803.05
normal,MAPKBP1,783.0,0.3,803.15
normal,PNN,783.0,0.6,877.1
normal,RERE,783.0,0.4,828.8
normal,AKAP9,782.0,0.55,895.35
normal,MED15,781.0,0.3,785.9
normal,BRD4,778.0,0.25,768.2
normal,CIC,778.0,0.3,763.5
normal,KLHL36,778.0,0.5,843.8
normal,NUP50,778.0,0.35,816.6
normal,PIK3C3,778.0,0.45,926.0
normal,ZNF426,778.0,0.7,939.25
normal,RRP1B,777.0,0.25,777.85
normal,H6PD,776.0,0.35,793.85
normal,GTF2I,774.0,0.2,801.4
normal,KIAA0232,773.0,0.6,897.2
normal,PHRF1,773.0,0.3,778.3
normal,HIPK2,772.0,0.4,824.35
normal,ZNF8,772.0,0.4,844.9
