group,replicate,n_samples_used,n_edges,edge_recall_vs_reference,edge_precision_vs_reference,hub_jaccard_vs_reference,degree_spearman_vs_reference
tumor,1,58,347143,0.7184727349621576,0.46980351036892576,0.6147757255936676,0.8260214847953337
tumor,2,58,1384623,0.9772064459853564,0.16020245221984614,0.6211920529801325,0.8112259429163842
tumor,3,58,1566304,0.9590826189238482,0.13899345210125238,0.632,0.7966097056822754
tumor,4,58,512344,0.9079843520093042,0.4022824508533329,0.6585365853658537,0.8732846752488942
tumor,5,58,853021,0.9706247742231072,0.25828906908505184,0.6813186813186813,0.8621533948821888
tumor,6,58,412621,0.8409869864401702,0.46264974395389474,0.6859504132231405,0.8719375093670093
tumor,7,58,231865,0.6587486893926712,0.6449097535203675,0.6790123456790124,0.8880865888598208
tumor,8,58,420648,0.8593090566270474,0.46370837374717105,0.6813186813186813,0.8813856109172997
tumor,9,58,265189,0.6817316757271117,0.5835423037908812,0.6585365853658537,0.8774469372261317
tumor,10,58,126790,0.3412953646351886,0.6110261061597918,0.4036697247706422,0.831965361421258
tumor,11,58,283303,0.7153228719701842,0.5731460662259136,0.667574931880109,0.8853859093445026
tumor,12,58,342924,0.7951884190771562,0.5263644422670912,0.6254980079681275,0.8779055966540885
tumor,13,58,59798,0.16333030829008696,0.6200040135121576,0.2,0.690699405386844
tumor,14,58,253911,0.6839828365507459,0.6114740991922366,0.654054054054054,0.864762044148289
tumor,15,58,502461,0.8681110513934289,0.3921816817623656,0.6385542168674698,0.8528452650514365
tumor,16,58,211522,0.6123642034591222,0.6571562296120498,0.632,0.8725167015135589
tumor,17,58,437520,0.8124840304149008,0.421532729932346,0.6276595744680851,0.8518044904823285
tumor,18,58,539795,0.9324607698881909,0.3921173778934596,0.6929460580912863,0.8912460895332102
tumor,19,58,328882,0.799959470294369,0.5521311595040166,0.6169088507265522,0.9041143093090462
tumor,20,58,201389,0.5722309840788743,0.6449855751803724,0.5773195876288659,0.8556932391278069
normal,1,58,1039873,0.8306457908244452,0.665132184410981,0.7411095305832148,0.9428360137504873
normal,2,58,805838,0.7509958939266383,0.7760008835522773,0.7361702127659574,0.9480628560662224
normal,3,58,1246492,0.9055242839591723,0.604899189084246,0.6952908587257618,0.94357283011362
normal,4,58,1364489,0.8845615724855855,0.5397969496272964,0.7094972067039106,0.9203877888225844
normal,5,58,1307858,0.8178772117131777,0.5207147870793313,0.5612244897959183,0.8956653438853531
normal,6,58,739062,0.6491679166631639,0.7313892474514994,0.6473755047106325,0.9164045331052763
normal,7,58,657332,0.6207292453543966,0.7863028119732495,0.5712451861360719,0.9307643691779173
normal,8,58,1209322,0.9309617627172382,0.6410062828593212,0.7435897435897436,0.9543046520456933
normal,9,58,1623661,0.9311467101573374,0.4775239412660648,0.7215189873417721,0.9288546170709091
normal,10,58,637149,0.6352596289762198,0.8301998433647388,0.7023643949930459,0.9401530603125157
normal,11,58,1524862,0.9530593789368885,0.5204293896759182,0.746077032810271,0.9382953016486671
normal,12,58,845369,0.6958971692233048,0.685442688340831,0.5958279009126467,0.9071975802052559
normal,13,58,863002,0.7371860847467601,0.7112752925253939,0.6906077348066298,0.9291430117157105
normal,14,58,678322,0.6429625697606132,0.789263800967682,0.6976421636615812,0.9304634715926258
normal,15,58,1070229,0.843962006511591,0.6566267593197344,0.7,0.9337385492417428
normal,16,58,1163766,0.8702809880036365,0.622681879346879,0.7510729613733905,0.9332022403959568
normal,17,58,716831,0.5589700108926836,0.6492980911818825,0.4729241877256318,0.8642355237384346
normal,18,58,1023717,0.9105466878195297,0.7406187452196261,0.7920937042459737,0.965540214349672
normal,19,58,1063039,0.812992917954193,0.6368101264393875,0.7361702127659574,0.9288233135853768
normal,20,58,970344,0.8352118308715708,0.7167097441732004,0.7535816618911175,0.9401773151178563
