sampling,threshold,normal_edges,tumor_edges,normal_to_tumor_edge_ratio
equal_n,0.7,2878399.0,1197007.0,2.404663464791768
equal_n,0.75,1668282.0,581619.0,2.868341646335488
equal_n,0.8,832669.0,226994.0,3.668242332396451
equal_n,0.85,329382.0,60529.0,5.44172214971336
equal_n,0.9,87464.0,7715.0,11.336876215165262
full,0.7,2878399.0,924328.0,3.11404501432392
full,0.75,1668282.0,430555.0,3.8747244835154624
full,0.8,832669.0,159487.0,5.2209208274028605
full,0.85,329382.0,40229.0,8.187675557433693
full,0.9,87464.0,5132.0,17.042868277474668
