gene,predicted_prob,rank,percentile,predicted_label,label,score_source,oof_score,full_model_score,is_training_positive,is_lcgene_gene,log2fc,pvalue_adj,neg_log10_padj,direction,is_de_significant,mean_tumor,mean_normal,is_query_gene,non_lcgene_candidate,non_lcgene_candidate_sens
ALOX15B,0.9789600000000004,3,99.98,1,0,crossfit_oof_pu_bagging,0.9789600000000004,0.9805666666666668,False,False,-1.7289653019421436,1.1845580840807337e-07,6.926443639054954,ns,False,4.867919483181061,6.596884785123204,False,True,True
C15ORF48,0.9735933333333336,8,99.94,1,0,crossfit_oof_pu_bagging,0.9735933333333336,0.9456333333333335,False,False,2.4312208179264587,2.255283369184547e-12,11.646798882636814,up,True,4.828910634536388,2.3976898166099314,False,True,True
AGR3,0.9690733333333338,18,99.86,1,0,crossfit_oof_pu_bagging,0.9690733333333338,0.9683666666666666,False,False,-1.783834181117234,1.450439821357709e-05,4.838500285333874,ns,False,5.940934495512978,7.724768676630211,False,True,True
DMBT1,0.9683866666666668,19,99.85,1,0,crossfit_oof_pu_bagging,0.9683866666666668,0.968533333333334,False,False,-2.165531354023845,5.354106022479558e-07,6.271313033126312,down,True,4.512228262478182,6.677759616502027,False,True,True
CX3CL1,0.9674400000000002,23,99.82,1,0,crossfit_oof_pu_bagging,0.9674400000000002,0.9509666666666664,False,False,-1.3932708554054158,1.8670261662141409e-07,6.728849595407761,ns,False,5.1426851913864,6.535956046791815,False,True,True
KRT17,0.9671933333333336,25,99.8,1,0,crossfit_oof_pu_bagging,0.9671933333333336,0.9398999999999992,False,False,1.36471249378342,0.0008724987764044,3.059235173424546,ns,False,5.318514759674876,3.953802265891453,False,True,True
CST6,0.96714,26,99.8,1,0,crossfit_oof_pu_bagging,0.96714,0.9464666666666676,False,False,-1.3943930157326252,9.489439755813268e-06,5.022759426997476,ns,False,5.015584168915487,6.409977184648112,False,True,True
QPCT,0.9666866666666672,28,99.78,1,0,crossfit_oof_pu_bagging,0.9666866666666672,0.9417,False,False,1.7638500582533214,2.6465134038785293e-10,9.577325902082409,ns,False,4.992564978710768,3.228714920457445,False,True,True
PPP1R14D,0.96658,29,99.77,1,0,crossfit_oof_pu_bagging,0.96658,0.9374666666666664,False,False,2.962744296651028,3.7431017001178077e-14,13.426768372939025,up,True,3.713965319283176,0.7512210226321466,False,True,True
COMP,0.9649533333333338,34,99.73,1,0,crossfit_oof_pu_bagging,0.9649533333333338,0.932266666666667,False,False,2.5248413262225675,5.03657784502757e-11,10.297864449233291,up,True,4.698181273415502,2.173339947192932,False,True,True
PODXL2,0.964766666666667,35,99.72,1,0,crossfit_oof_pu_bagging,0.964766666666667,0.943,False,False,2.517887006947685,9.577078123592737e-16,15.0187669698728,up,True,5.704879730801642,3.1869927238539573,False,True,True
SPINK1,0.9641600000000002,36,99.71,1,0,crossfit_oof_pu_bagging,0.9641600000000002,0.9169,False,False,3.610409681478696,3.2713904335183524e-11,10.485267620655309,up,True,5.38667802634749,1.7762683448687933,False,True,True
STEAP1,0.9635733333333342,40,99.68,1,0,crossfit_oof_pu_bagging,0.9635733333333342,0.927433333333334,False,False,2.5019282404610688,3.984169402622878e-17,16.39966220411876,up,True,5.396714886627165,2.894786646166096,False,True,True
MEX3A,0.9621200000000004,45,99.64,1,0,crossfit_oof_pu_bagging,0.9621200000000004,0.962966666666667,False,False,2.635231107143226,2.0433992842281427e-16,15.689646763081766,up,True,3.5056535213812534,0.8704224142380271,False,True,True
SYT7,0.9608000000000004,48,99.62,1,0,crossfit_oof_pu_bagging,0.9608000000000004,0.947133333333333,False,False,2.1017487373622483,9.515538777907349e-14,13.021566616557443,up,True,4.018368410158413,1.9166196727961649,False,True,True
DNAJC12,0.9601599999999998,50,99.6,1,0,crossfit_oof_pu_bagging,0.9601599999999998,0.9287000000000004,False,False,2.211383472215398,1.8929306165292338e-13,12.72286530437256,up,True,3.70873122086989,1.4973477486544915,False,True,True
KCNN4,0.9599200000000004,51,99.59,1,0,crossfit_oof_pu_bagging,0.9599200000000004,0.9478000000000004,False,False,2.921440522500069,4.586574969685426e-17,16.338511503354553,up,True,5.463262951633304,2.541822429133234,False,True,True
NRGN,0.9596133333333334,52,99.58,1,0,crossfit_oof_pu_bagging,0.9596133333333334,0.9342,False,False,-2.3500786797878,1.4498221172878318e-14,13.83868527929561,down,True,4.994206761018709,7.344285440806509,False,True,True
SPDEF,0.9590466666666672,53,99.57,1,0,crossfit_oof_pu_bagging,0.9590466666666672,0.9326333333333328,False,False,2.5593060720568133,1.2823043795824897e-13,12.892008874440544,up,True,5.5063656942159085,2.947059622159097,False,True,True
PHLDA2,0.9574666666666668,59,99.53,1,0,crossfit_oof_pu_bagging,0.9574666666666668,0.9349333333333332,False,False,2.143711276171653,1.4858457077007069e-12,11.828026285981352,up,True,6.263671735657888,4.119960459486235,False,True,True
C1ORF116,0.9562333333333336,64,99.48,1,0,crossfit_oof_pu_bagging,0.9562333333333336,0.9188333333333332,False,False,-1.5132148156283731,1.7869474288822944e-07,6.747888224037259,ns,False,6.228727855315403,7.741942670943777,False,True,True
ABCA3,0.9560133333333332,65,99.48,1,0,crossfit_oof_pu_bagging,0.9560133333333332,0.9170666666666664,False,False,-2.9095627473196544,3.7525947093908783e-16,15.425668338059564,down,True,5.791403184634941,8.7009659319546,False,True,True
GCNT3,0.9552133333333334,68,99.45,1,0,crossfit_oof_pu_bagging,0.9552133333333334,0.9474000000000004,False,False,2.563782043962944,7.615124187382967e-13,12.118323009799328,up,True,3.316909977174289,0.7531279332113444,False,True,True
MUC21,0.95358,72,99.42,1,0,crossfit_oof_pu_bagging,0.95358,0.9030666666666652,False,False,1.8199820849374688,9.109237012771512e-06,5.0405179978919925,ns,False,4.350316048364551,2.530333963427082,False,True,True
PGC,0.9531533333333336,74,99.4,1,0,crossfit_oof_pu_bagging,0.9531533333333336,0.9365999999999997,False,False,-3.5904794701494764,2.8458628432313676e-09,8.545786034632323,down,True,5.855877688925228,9.446357159074708,False,True,True
ANLN,0.9501333333333332,78,99.37,1,0,crossfit_oof_pu_bagging,0.9501333333333332,0.9590333333333328,False,False,2.916297259732304,4.460608524289936e-18,17.350605890006758,up,True,4.378522068073774,1.4622248083414695,False,True,True
CFD,0.9497533333333332,79,99.36,1,0,crossfit_oof_pu_bagging,0.9497533333333332,0.9308333333333332,False,False,-2.6691593501195383,3.633512999221768e-19,18.43967328174011,down,True,5.549006718379939,8.218166068499482,False,True,True
LRRK2,0.94952,80,99.35,1,0,crossfit_oof_pu_bagging,0.94952,0.9331999999999996,False,False,-2.970134941715322,1.6080522022778354e-17,16.79369985683557,down,True,3.627519169211186,6.5976541109265066,False,True,True
THBS2,0.9484199999999996,84,99.32,1,0,crossfit_oof_pu_bagging,0.9484199999999996,0.9512999999999996,False,False,2.887955419488005,2.2075245265317679e-16,15.65609446252809,up,True,5.406234870868006,2.51827945138,False,True,True
SLC26A9,0.9484133333333334,85,99.31,1,0,crossfit_oof_pu_bagging,0.9484133333333334,0.9285333333333324,False,False,-1.146516768197413,0.0009665079010548,3.014794591329671,ns,False,3.5881431490723315,4.734659917269742,False,True,True
SCNN1B,0.9474933333333332,92,99.26,1,0,crossfit_oof_pu_bagging,0.9474933333333332,0.9546,False,False,-1.8330155915300927,2.4503596045186748e-11,10.610770175717986,ns,False,4.658580656459277,6.49159624798937,False,True,True
PCSK1N,0.9467066666666668,93,99.25,1,0,crossfit_oof_pu_bagging,0.9467066666666668,0.8990999999999993,False,False,1.4369929602878893,1.0058668413203732e-05,4.997459508253692,ns,False,3.912212463512328,2.475219503224437,False,True,True
CHRDL1,0.9466266666666664,94,99.24,1,0,crossfit_oof_pu_bagging,0.9466266666666664,0.9348000000000004,False,False,-2.6172272353953137,1.0069425704534259e-16,15.99699529811213,down,True,3.6062683484687454,6.223495583864059,False,True,True
SCEL,0.9455333333333332,96,99.22,1,0,crossfit_oof_pu_bagging,0.9455333333333332,0.9224666666666672,False,False,-1.931761645537122,1.1869745299612991e-09,8.925558600014186,ns,False,4.784346727309454,6.716108372846578,False,True,True
CDC20,0.9438399999999996,101,99.18,1,0,crossfit_oof_pu_bagging,0.9438399999999996,0.913699999999999,False,False,3.268280165083881,4.434920711445957e-20,19.353114140181592,up,True,5.449042688212471,2.180762523128588,False,True,True
AOC1,0.943473333333333,103,99.17,1,0,crossfit_oof_pu_bagging,0.943473333333333,0.9471333333333336,False,False,2.3302405199987386,2.1075832796449983e-10,9.676215255528511,up,True,3.350804124906462,1.0205636049077236,False,True,True
KIF2C,0.9418400000000002,106,99.14,1,0,crossfit_oof_pu_bagging,0.9418400000000002,0.9214333333333324,False,False,2.6293423205710407,1.5232353166709421e-18,17.81723299959412,up,True,3.955578725733904,1.3262364051628632,False,True,True
MYH11,0.9416199999999992,108,99.12,1,0,crossfit_oof_pu_bagging,0.9416199999999992,0.938933333333334,False,False,-1.846234858664808,4.647903481968883e-12,11.332742899052224,ns,False,3.805139190198588,5.651374048863396,False,True,True
FNDC1,0.9414466666666664,109,99.12,1,0,crossfit_oof_pu_bagging,0.9414466666666664,0.9108666666666664,False,False,2.2019864378655085,1.0839310516765134e-10,9.964998342178411,up,True,4.252214415769849,2.050227977904341,False,True,True
PDLIM4,0.941413333333333,110,99.11,1,0,crossfit_oof_pu_bagging,0.941413333333333,0.9190333333333328,False,False,1.0503907963878736,1.4387066818085612e-05,4.842027739389762,ns,False,4.193090201863106,3.1426994054752324,False,True,True
ACKR1,0.9409799999999992,112,99.09,1,0,crossfit_oof_pu_bagging,0.9409799999999992,0.9285999999999998,False,False,-2.458533997011222,6.540010281287624e-13,12.184421568938276,down,True,3.878344738020151,6.336878735031374,False,True,True
ITGA11,0.940733333333333,113,99.08,1,0,crossfit_oof_pu_bagging,0.940733333333333,0.9193666666666668,False,False,2.303428273216027,8.70644668058878e-13,12.060159055311118,up,True,3.6507389682534974,1.3473106950374714,False,True,True
PROM2,0.9405999999999995,114,99.08,1,0,crossfit_oof_pu_bagging,0.9405999999999995,0.9500333333333332,False,False,2.234546406715588,2.5047950536274362e-17,16.60122780301827,up,True,5.332228907120562,3.097682500404976,False,True,True
NDNF,0.9404799999999998,116,99.06,1,0,crossfit_oof_pu_bagging,0.9404799999999998,0.9259999999999996,False,False,-2.3605017528816514,1.9984279398223253e-13,12.699311507099525,down,True,5.4281980074546565,7.78869976033631,False,True,True
MUC13,0.940426666666666,117,99.05,1,0,crossfit_oof_pu_bagging,0.940426666666666,0.8908666666666663,False,False,2.347409021909641,2.625222798659856e-07,6.58083383278279,up,True,3.0727009937217304,0.7252919718120882,False,True,True
SFRP2,0.9390399999999998,123,99.0,1,0,crossfit_oof_pu_bagging,0.9390399999999998,0.9039999999999994,False,False,1.4321720056997265,9.09255799944039e-05,4.041313919994826,ns,False,7.33848079425088,5.906308788551154,False,True,True
CPA3,0.9389399999999992,124,98.99,1,0,crossfit_oof_pu_bagging,0.9389399999999992,0.9227333333333332,False,False,-1.981816537234888,1.828353008568008e-13,12.737939949262968,ns,False,5.052439086446713,7.034255623681598,False,True,True
HS6ST2,0.9387133333333328,125,98.99,1,0,crossfit_oof_pu_bagging,0.9387133333333328,0.897599999999999,False,False,2.816484223220509,2.7436844090206737e-16,15.561665844606376,up,True,4.341265340482714,1.5247811172622046,False,True,True
FOSB,0.938686666666666,126,98.98,1,0,crossfit_oof_pu_bagging,0.938686666666666,0.9072333333333332,False,False,-3.5000856841546724,2.4545930544640504e-13,12.61002049899935,down,True,4.415153453132019,7.915239137286693,False,True,True
MT1A,0.938173333333333,128,98.96,1,0,crossfit_oof_pu_bagging,0.938173333333333,0.9260000000000004,False,False,-1.2927478793042513,1.7904414881321413e-05,4.747039867222062,ns,False,3.17634097495902,4.469088854263271,False,True,True
PCP4,0.937453333333333,131,98.94,1,0,crossfit_oof_pu_bagging,0.937453333333333,0.9205999999999992,False,False,2.062455118344058,2.7247709041944357e-08,7.564670006865058,up,True,3.017301039110014,0.9548459207659564,False,True,True
MUC15,0.9367599999999996,132,98.93,1,0,crossfit_oof_pu_bagging,0.9367599999999996,0.9240999999999996,False,False,-1.2021254341136531,2.8392910069958024e-05,4.5467900931185286,ns,False,3.403928281719649,4.606053715833303,False,True,True
ITGA2,0.9365199999999996,134,98.91,1,0,crossfit_oof_pu_bagging,0.9365199999999996,0.9175666666666656,False,False,1.351718583803448,3.811646460803268e-07,6.41888738800293,ns,False,5.350278345346814,3.998559761543366,False,True,True
SLAMF7,0.9363999999999996,135,98.9,1,0,crossfit_oof_pu_bagging,0.9363999999999996,0.9038333333333328,False,False,1.0293706955779545,4.745151749965241e-06,5.323749894275948,ns,False,4.736640858437262,3.7072701628593054,False,True,True
ADGRF1,0.9363466666666662,136,98.9,1,0,crossfit_oof_pu_bagging,0.9363466666666662,0.8803333333333331,False,False,1.3481804722921045,3.505495705511842e-05,4.455250560594212,ns,False,3.497408082570096,2.149227610277991,False,True,True
CRTAC1,0.9362733333333328,137,98.89,1,0,crossfit_oof_pu_bagging,0.9362733333333328,0.9281666666666673,False,False,-3.341957607042284,2.740667167234679e-19,18.56214370295379,down,True,3.7838202788728816,7.125777885915164,False,True,True
DPT,0.9353399999999994,140,98.86,1,0,crossfit_oof_pu_bagging,0.9353399999999994,0.9342333333333332,False,False,-1.2784757647247749,2.399415505680767e-07,6.619894538943768,ns,False,3.676818750061063,4.95529451478584,False,True,True
SLC22A3,0.9351999999999996,141,98.85,1,0,crossfit_oof_pu_bagging,0.9351999999999996,0.908633333333332,False,False,-1.4318500498700977,5.373161558698155e-07,6.269770100991651,ns,False,4.291474410616479,5.723324460486576,False,True,True
METTL7B,0.9350333333333332,143,98.84,1,0,crossfit_oof_pu_bagging,0.9350333333333332,0.9281,False,False,1.7215446373646652,4.545647823502679e-12,11.342404214505056,ns,False,4.515375003709596,2.7938303663449315,False,True,True
CHI3L2,0.9334666666666666,146,98.81,1,0,crossfit_oof_pu_bagging,0.9334666666666666,0.9289333333333332,False,False,-2.04401964441594,2.985464057655244e-13,12.524988152971886,down,True,3.502164740248575,5.546184384664512,False,True,True
CDC45,0.9330733333333328,147,98.81,1,0,crossfit_oof_pu_bagging,0.9330733333333328,0.9201333333333324,False,False,2.096468195533379,4.1135361202509993e-16,15.385784684876125,up,True,3.2056241343328287,1.1091559387994496,False,True,True
MMP11,0.9329133333333328,148,98.79,1,0,crossfit_oof_pu_bagging,0.9329133333333328,0.8923333333333323,False,False,4.341527536036862,1.2729825960509932e-20,19.895177533888123,up,True,5.577895667457248,1.2363681314203852,False,True,True
PDK4,0.932186666666666,151,98.77,1,0,crossfit_oof_pu_bagging,0.932186666666666,0.9106333333333324,False,False,-2.575737580286244,1.123098050957322e-22,21.949582326435937,down,True,4.594561553007426,7.1702991332936685,False,True,True
CEMIP,0.9319799999999994,152,98.76,1,0,crossfit_oof_pu_bagging,0.9319799999999994,0.9227333333333332,False,False,1.7323219286339808,2.054096006943324e-09,8.687379261658268,ns,False,4.511528775652512,2.779206847018532,False,True,True
ADAMDEC1,0.9318066666666668,154,98.75,1,0,crossfit_oof_pu_bagging,0.9318066666666668,0.893233333333333,False,False,1.7880989781340753,2.59973476653454e-09,8.585070957916209,ns,False,3.428211749186292,1.6401127710522163,False,True,True
KIF20A,0.9312199999999996,157,98.72,1,0,crossfit_oof_pu_bagging,0.9312199999999996,0.9027333333333322,False,False,2.5579501296770952,4.235885754471631e-20,19.373055761707057,up,True,4.005963954760191,1.4480138250830987,False,True,True
DLGAP5,0.9307666666666664,159,98.71,1,0,crossfit_oof_pu_bagging,0.9307666666666664,0.9320999999999996,False,False,2.686703334347264,2.8755635264693747e-19,18.541277033599084,up,True,3.756345281372352,1.0696419470250864,False,True,True
BPIFB1,0.9306466666666664,160,98.7,1,0,crossfit_oof_pu_bagging,0.9306466666666664,0.9037666666666666,False,False,-1.1932421198789025,0.0464924256223703,1.3326177950315825,ns,False,4.595547554720992,5.788789674599892,False,True,True
VSIG1,0.9304933333333332,163,98.67,1,0,crossfit_oof_pu_bagging,0.9304933333333332,0.8900333333333328,False,False,1.5086618104378984,0.0003214801961513,3.4928457753590085,ns,False,3.082650721687866,1.5739889112499676,False,True,True
CILP,0.9296999999999996,164,98.67,1,0,crossfit_oof_pu_bagging,0.9296999999999996,0.8959333333333325,False,False,1.6903364994197014,2.317955426435516e-09,8.63489491964042,ns,False,3.1395364728949664,1.4491999734752652,False,True,True
MELK,0.92956,167,98.64,1,0,crossfit_oof_pu_bagging,0.92956,0.940466666666666,False,False,2.658503127457686,4.468857175783696e-18,17.349803525124877,up,True,3.8412097969995753,1.1827066695418915,False,True,True
C2CD4A,0.9287666666666666,170,98.62,1,0,crossfit_oof_pu_bagging,0.9287666666666666,0.9173333333333336,False,False,2.1424029689559685,2.129982845750597e-13,12.671623894225984,up,True,2.9522336394014475,0.8098306704454792,False,True,True
CSF3R,0.9285599999999996,172,98.6,1,0,crossfit_oof_pu_bagging,0.9285599999999996,0.9117666666666666,False,False,-1.9390329543354576,7.683782787287133e-14,13.114424920699458,ns,False,3.6479403035468407,5.586973257882297,False,True,True
CD79A,0.9283799999999996,176,98.57,1,0,crossfit_oof_pu_bagging,0.9283799999999996,0.9072666666666666,False,False,1.8536279774355071,1.5810109884962967e-09,8.801065111581567,ns,False,5.687435556459608,3.833807579024103,False,True,True
TNFRSF18,0.92794,180,98.54,1,0,crossfit_oof_pu_bagging,0.92794,0.891866666666667,False,False,1.9467073024886568,8.288810869876015e-13,12.081507769774648,ns,False,4.0028805023432,2.056173199854542,False,True,True
NT5E,0.9275999999999994,183,98.51,1,0,crossfit_oof_pu_bagging,0.9275999999999994,0.8991666666666667,False,False,1.498327932910133,1.802304872013502e-08,7.7441717433048,ns,False,5.460374160735272,3.962046227825141,False,True,True
KRT6A,0.9271333333333336,186,98.49,1,0,crossfit_oof_pu_bagging,0.9271333333333336,0.8813666666666667,False,False,2.7118366163970333,8.450427597905493e-09,8.073121314871328,up,True,3.573445087072375,0.8616084706753407,False,True,True
TNNT1,0.9269999999999996,187,98.48,1,0,crossfit_oof_pu_bagging,0.9269999999999996,0.8716999999999994,False,False,1.6794433313992918,6.161994921435627e-06,5.210278663953741,ns,False,3.6976649203677527,2.0182215889684594,False,True,True
PKP2,0.92602,190,98.45,1,0,crossfit_oof_pu_bagging,0.92602,0.8890999999999994,False,False,1.0583738874262525,5.924826403470312e-05,4.227324369894972,ns,False,2.9036740285253733,1.8453001410991208,False,True,True
TESC,0.9259799999999998,191,98.45,1,0,crossfit_oof_pu_bagging,0.9259799999999998,0.9060333333333334,False,False,1.6743267032540132,4.831227959566105e-06,5.315942470017943,ns,False,5.303044652504803,3.628717949250791,False,True,True
C7,0.9247666666666662,195,98.41,1,0,crossfit_oof_pu_bagging,0.9247666666666662,0.9208999999999992,False,False,-2.241323882581707,2.635212764871196e-12,11.579184314463143,down,True,4.854638034078755,7.095961916660465,False,True,True
NCCRP1,0.924733333333333,196,98.4,1,0,crossfit_oof_pu_bagging,0.924733333333333,0.9032666666666664,False,False,1.58956019618698,1.521671465820568e-07,6.817679103138871,ns,False,2.493043744346225,0.9034835481592453,False,True,True
PKIB,0.9242999999999996,197,98.4,1,0,crossfit_oof_pu_bagging,0.9242999999999996,0.897899999999999,False,False,1.598219994664693,1.703524479811341e-07,6.768651621197604,ns,False,3.684873902269832,2.08665390760514,False,True,True
SHISA2,0.9237399999999996,198,98.39,1,0,crossfit_oof_pu_bagging,0.9237399999999996,0.9141333333333328,False,False,-1.160773245635469,1.7901152355796263e-05,4.747119011162287,ns,False,2.742213662472073,3.902986908107544,False,True,True
MYBL2,0.9234799999999996,200,98.37,1,0,crossfit_oof_pu_bagging,0.9234799999999996,0.8865666666666656,False,False,3.420135204673319,6.20969341535628e-19,18.206929841257534,up,True,5.426137141975439,2.0060019373021207,False,True,True
SPAG5,0.923133333333333,201,98.36,1,0,crossfit_oof_pu_bagging,0.923133333333333,0.9041666666666656,False,False,2.209751303178862,6.128150222530434e-17,16.21267059715868,up,True,3.7379425783767575,1.528191275197895,False,True,True
CYP4B1,0.9230333333333328,204,98.34,1,0,crossfit_oof_pu_bagging,0.9230333333333328,0.9357666666666664,False,False,-4.463207072774587,1.138992199782267e-18,17.943479250111523,down,True,4.541155645473357,9.004362718247943,False,True,True
COL17A1,0.9221266666666664,208,98.31,1,0,crossfit_oof_pu_bagging,0.9221266666666664,0.8879999999999986,False,False,2.436335321225376,7.39329090891825e-10,9.131162204981663,up,True,3.510688128540697,1.0743528073153237,False,True,True
DDIT4,0.9216199999999992,210,98.29,1,0,crossfit_oof_pu_bagging,0.9216199999999992,0.9090999999999996,False,False,1.179526034384324,1.0798202414288093e-08,7.9666485358586225,ns,False,6.328350211658755,5.148824177274434,False,True,True
UHRF1,0.9212399999999998,212,98.27,1,0,crossfit_oof_pu_bagging,0.9212399999999998,0.889133333333333,False,False,2.3543385543892525,8.650670154936881e-18,17.062950247064965,up,True,3.2997150271842286,0.945376472794975,False,True,True
KRT80,0.9211866666666664,213,98.27,1,0,crossfit_oof_pu_bagging,0.9211866666666664,0.909766666666666,False,False,2.177617360850629,1.6971514184628308e-13,12.7702794085549,up,True,5.296143006308946,3.118525645458317,False,True,True
MT1M,0.920726666666666,215,98.25,1,0,crossfit_oof_pu_bagging,0.920726666666666,0.9216333333333327,False,False,-2.513798718204688,4.295522896846871e-18,17.366983961659827,down,True,3.7862815877756977,6.300080305980384,False,True,True
CCN4,0.9200733333333329,216,98.24,1,0,crossfit_oof_pu_bagging,0.9200733333333329,0.8920666666666658,False,False,1.9816148514044745,1.0602710725770743e-16,15.97458308730683,ns,False,3.796792911091255,1.81517805968678,False,True,True
GGTLC1,0.9199799999999996,217,98.23,1,0,crossfit_oof_pu_bagging,0.9199799999999996,0.9396,False,False,-3.200020798915402,2.1107502389484667e-15,14.675563152890229,down,True,3.244913134692537,6.44493393360794,False,True,True
ID4,0.919826666666666,219,98.22,1,0,crossfit_oof_pu_bagging,0.919826666666666,0.8869999999999999,False,False,-2.28597618855562,3.890445722784053e-18,17.41000063932819,down,True,3.8628088056710266,6.148784994226646,False,True,True
EDN2,0.9177466666666664,224,98.18,1,0,crossfit_oof_pu_bagging,0.9177466666666664,0.8918999999999992,False,False,1.5111442599302574,1.895061675196456e-09,8.722376651257058,ns,False,3.101683821787073,1.5905395618568163,False,True,True
CENPF,0.9170999999999994,225,98.17,1,0,crossfit_oof_pu_bagging,0.9170999999999994,0.9099999999999993,False,False,2.523946044796283,3.0660083624919804e-17,16.51342666494832,up,True,3.745741612633056,1.2217955678367711,False,True,True
SLC7A11,0.9170599999999997,226,98.16,1,0,crossfit_oof_pu_bagging,0.9170599999999997,0.9061666666666666,False,False,1.8030620903664505,3.78601241775291e-10,9.42181796592618,ns,False,3.05378544995711,1.2507233595906586,False,True,True
GNLY,0.9170133333333328,227,98.15,1,0,crossfit_oof_pu_bagging,0.9170133333333328,0.8846666666666666,False,False,-1.024967740590801,0.0001096937658134,3.959818053826802,ns,False,3.285368371974147,4.31033611256495,False,True,True
RCN3,0.9168599999999996,228,98.14,1,0,crossfit_oof_pu_bagging,0.9168599999999996,0.8797333333333334,False,False,1.4546151708808723,1.965233767165684e-09,8.706585782310604,ns,False,6.038851773631302,4.584236602750432,False,True,True
LIFR,0.9161799999999996,230,98.13,1,0,crossfit_oof_pu_bagging,0.9161799999999996,0.895933333333333,False,False,-1.8447191174514064,1.7304378034996453e-15,14.761844005778883,ns,False,3.8900077970900457,5.734726914541453,False,True,True
ANOS1,0.9159599999999992,231,98.12,1,0,crossfit_oof_pu_bagging,0.9159599999999992,0.889666666666666,False,False,-2.628163237933285,1.0927858657962414e-21,20.961464930835305,down,True,4.022224017060701,6.650387254993985,False,True,True
MRC1,0.9155333333333328,232,98.11,1,0,crossfit_oof_pu_bagging,0.9155333333333328,0.9247,False,False,-2.464488579192547,1.0961718029861242e-15,14.960121373551022,down,True,5.602942483783011,8.067431062975558,False,True,True
PLEK2,0.9155199999999992,233,98.1,1,0,crossfit_oof_pu_bagging,0.9155199999999992,0.9089999999999996,False,False,2.37336040692071,1.0706760840157793e-18,17.970341898170833,up,True,5.158288708675854,2.7849283017551425,False,True,True
ALG1L,0.9154733333333328,234,98.09,1,0,crossfit_oof_pu_bagging,0.9154733333333328,0.8781666666666662,False,False,2.120501319114611,5.0710008605635595e-12,11.294906315751088,up,True,3.5395180089052483,1.419016689790637,False,True,True
APOH,0.9152866666666662,237,98.07,1,0,crossfit_oof_pu_bagging,0.9152866666666662,0.9018,False,False,-1.5501798311893138,6.060985893000488e-07,6.21745672681315,ns,False,2.5277877141444995,4.077967545333813,False,True,True
CES1,0.915053333333333,238,98.06,1,0,crossfit_oof_pu_bagging,0.915053333333333,0.8850333333333323,False,False,-2.720062959141151,3.5008785466434765e-18,17.455822955626708,down,True,5.487436609952368,8.20749956909352,False,True,True
GPX2,0.9149266666666662,239,98.05,1,0,crossfit_oof_pu_bagging,0.9149266666666662,0.8541666666666669,False,False,2.4261209736465315,3.469472073936376e-06,5.459736603831328,up,True,4.446480958115364,2.020359984468832,False,True,True
SLC6A20,0.9148933333333328,241,98.04,1,0,crossfit_oof_pu_bagging,0.9148933333333328,0.8689666666666661,False,False,-1.0545865548077304,0.0004133559046523,3.3836758542388568,ns,False,1.6592774767434717,2.713864031551202,False,True,True
FLRT3,0.9143666666666664,242,98.03,1,0,crossfit_oof_pu_bagging,0.9143666666666664,0.9076666666666656,False,False,-2.354529452362629,2.8903560661051547e-14,13.539048652738508,down,True,4.21190267073183,6.56643212309446,False,True,True
FDCSP,0.9141333333333332,243,98.02,1,0,crossfit_oof_pu_bagging,0.9141333333333332,0.8676333333333326,False,False,2.092271204389117,4.971114273220504e-07,6.303546253425338,up,True,3.730912971371496,1.6386417669823796,False,True,True
SERPINE2,0.914066666666666,244,98.01,1,0,crossfit_oof_pu_bagging,0.914066666666666,0.912799999999999,False,False,1.304570997657805,6.290326618589278e-07,6.201326803685371,ns,False,3.7262247822608536,2.421653784603047,False,True,True
AADAC,0.913993333333333,245,98.0,1,0,crossfit_oof_pu_bagging,0.913993333333333,0.884933333333333,False,False,-2.4570599473693653,1.675337065392385e-13,12.775897803007368,down,True,1.9857442804306475,4.442804227800013,False,True,True
ARSL,0.913826666666666,246,98.0,1,0,crossfit_oof_pu_bagging,0.913826666666666,0.8656333333333329,False,False,1.0398907959006576,2.387347929029892e-05,4.622084282859013,ns,False,4.156260702804361,3.1163699069037047,False,True,True
TPSAB1,0.9137399999999994,247,97.99,1,0,crossfit_oof_pu_bagging,0.9137399999999994,0.910366666666666,False,False,-1.9667797871894093,1.2623453996521932e-14,13.8988217983097,ns,False,4.568916972949293,6.535696760138703,False,True,True
SLC1A1,0.9132799999999992,248,97.98,1,0,crossfit_oof_pu_bagging,0.9132799999999992,0.9123999999999984,False,False,-2.4749968957020134,1.0655977080339454e-18,17.972406722285335,down,True,3.6382665680236927,6.113263463725704,False,True,True
AK4,0.9127533333333334,249,97.97,1,0,crossfit_oof_pu_bagging,0.9127533333333334,0.8923999999999999,False,False,1.906157048173384,4.035927382104655e-12,11.394056656566685,ns,False,3.4286956541227727,1.52253860594939,False,True,True
VCAN,0.912453333333333,250,97.96,1,0,crossfit_oof_pu_bagging,0.912453333333333,0.9205333333333334,False,False,1.758369956980738,8.181533747381685e-11,10.087165273885434,ns,False,5.6566886085128205,3.898318651532082,False,True,True
ANKRD22,0.9119599999999992,251,97.95,1,0,crossfit_oof_pu_bagging,0.9119599999999992,0.896899999999999,False,False,2.326500330917184,1.6877034645750508e-17,16.772703858072898,up,True,4.272084478941114,1.9455841480239275,False,True,True
HMMR,0.9115799999999996,252,97.95,1,0,crossfit_oof_pu_bagging,0.9115799999999996,0.9022333333333328,False,False,2.2792348407722973,2.520076937020614e-19,18.5985862001655,up,True,3.493004123202047,1.21376928242975,False,True,True
EPHB2,0.9113199999999994,253,97.94,1,0,crossfit_oof_pu_bagging,0.9113199999999994,0.9188999999999996,False,False,1.7324934689280438,2.106342115669e-14,13.676471088572972,ns,False,3.355159337816973,1.6226658688889295,False,True,True
CST2,0.9112399999999996,254,97.93,1,0,crossfit_oof_pu_bagging,0.9112399999999996,0.8811333333333334,False,False,1.4420744955027935,8.754588259345313e-07,6.057764274583304,ns,False,2.6311106318360853,1.189036136333293,False,True,True
AKAP12,0.9111399999999996,255,97.92,1,0,crossfit_oof_pu_bagging,0.9111399999999996,0.8934666666666657,False,False,-1.228290159490109,3.433068652374748e-06,5.464317511736089,ns,False,4.03153492193282,5.259825081422928,False,True,True
ARNTL2,0.9107399999999994,257,97.91,1,0,crossfit_oof_pu_bagging,0.9107399999999994,0.901566666666666,False,False,1.8275536847585336,4.45981154755861e-13,12.350683492315786,ns,False,3.77577223602886,1.9482185512703256,False,True,True
ATOH8,0.9105599999999996,258,97.9,1,0,crossfit_oof_pu_bagging,0.9105599999999996,0.9335999999999994,False,False,-2.539361725762548,3.4612167729418588e-15,14.460771200375229,down,True,2.655331233294425,5.194692959056973,False,True,True
IL4I1,0.9105466666666662,259,97.89,1,0,crossfit_oof_pu_bagging,0.9105466666666662,0.8777999999999994,False,False,1.6439154324079956,5.1497568868710086e-12,11.288213272936009,ns,False,4.293478500262792,2.649563067854796,False,True,True
TMPRSS2,0.9104999999999996,261,97.87,1,0,crossfit_oof_pu_bagging,0.9104999999999996,0.9126999999999992,False,False,-1.4794334119593444,3.5473461423774925e-08,7.450096431942511,ns,False,5.028462588460152,6.507896000419492,False,True,True
MZB1,0.9103266666666664,262,97.86,1,0,crossfit_oof_pu_bagging,0.9103266666666664,0.8789,False,False,1.738587158238528,4.6344753408653184e-09,8.333999424294925,ns,False,5.255798493540129,3.5172113353015986,False,True,True
GJB3,0.9093733333333331,263,97.86,1,0,crossfit_oof_pu_bagging,0.9093733333333331,0.8672666666666661,False,False,1.9013483596270813,2.3886607905943574e-08,7.621845519246639,ns,False,3.3334985392541188,1.4321501796270375,False,True,True
SMPDL3B,0.9093599999999996,264,97.85,1,0,crossfit_oof_pu_bagging,0.9093599999999996,0.8993999999999996,False,False,1.5406115691537976,4.579662161397083e-14,13.339166558426845,ns,False,5.354085192531203,3.813473623377406,False,True,True
WFDC3,0.908406666666666,270,97.8,1,0,crossfit_oof_pu_bagging,0.908406666666666,0.9309333333333328,False,False,1.8095101854291624,1.5860965875709598e-11,10.799670369242982,ns,False,2.751564307334253,0.9420541219050906,False,True,True
INAVA,0.908346666666666,271,97.79,1,0,crossfit_oof_pu_bagging,0.908346666666666,0.8916333333333332,False,False,1.8517609350133173,9.921534667315565e-16,15.003421145789671,ns,False,4.599438427194864,2.747677492181545,False,True,True
APOC1,0.9082466666666664,272,97.78,1,0,crossfit_oof_pu_bagging,0.9082466666666664,0.8737333333333324,False,False,-1.6765147383885293,3.039507514190626e-11,10.517196778626804,ns,False,6.101388196171369,7.777902934559897,False,True,True
HGD,0.9074000000000002,275,97.76,1,0,crossfit_oof_pu_bagging,0.9074000000000002,0.8933000000000006,False,False,1.5686269282847758,1.0120107102980998e-06,5.994814891252394,ns,False,3.148561204241185,1.579934275956411,False,True,True
MAB21L4,0.9071333333333332,276,97.75,1,0,crossfit_oof_pu_bagging,0.9071333333333332,0.8898666666666663,False,False,-1.6413559351205842,1.0199808537445012e-10,9.991407980386272,ns,False,3.543941036785238,5.185296971905822,False,True,True
DES,0.9069666666666664,277,97.74,1,0,crossfit_oof_pu_bagging,0.9069666666666664,0.9052666666666668,False,False,-3.359377495179974,1.0755509863694704e-21,20.9683689971091,down,True,3.03390209576226,6.393279590942234,False,True,True
ADM2,0.9069066666666664,278,97.73,1,0,crossfit_oof_pu_bagging,0.9069066666666664,0.8710666666666664,False,False,2.391193537346131,2.5359237444885912e-20,19.59586380987774,up,True,3.4447143765881325,1.053520839242002,False,True,True
CDC6,0.90614,282,97.7,1,0,crossfit_oof_pu_bagging,0.90614,0.8930000000000005,False,False,2.360707695227765,2.55171077011397e-18,17.59316855332943,up,True,3.515947287535665,1.1552395923079002,False,True,True
LRRC15,0.9058799999999996,285,97.68,1,0,crossfit_oof_pu_bagging,0.9058799999999996,0.8783666666666669,False,False,2.0275793192283897,2.108642042371515e-09,8.67599713871344,up,True,3.749419135846396,1.7218398166180056,False,True,True
CPXM1,0.9056999999999996,286,97.67,1,0,crossfit_oof_pu_bagging,0.9056999999999996,0.8986333333333328,False,False,2.247428294431877,3.230158599942702e-13,12.490776153399874,up,True,4.454120764714141,2.206692470282265,False,True,True
NUF2,0.9049533333333328,287,97.66,1,0,crossfit_oof_pu_bagging,0.9049533333333328,0.881833333333333,False,False,2.3839531834684955,4.905623792412305e-18,17.309305760480253,up,True,3.3241621967894392,0.9402090133209442,False,True,True
FIBIN,0.9048866666666664,289,97.64,1,0,crossfit_oof_pu_bagging,0.9048866666666664,0.8748666666666658,False,False,-1.819569914107373,4.584942402893948e-12,11.33866611566734,ns,False,3.512225137758287,5.33179505186566,False,True,True
CP,0.9045266666666664,291,97.63,1,0,crossfit_oof_pu_bagging,0.9045266666666664,0.8826666666666659,False,False,2.65586511406054,2.805258625000353e-10,9.552027093683096,up,True,6.182660393242502,3.526795279181964,False,True,True
RAMP1,0.9037733333333328,293,97.61,1,0,crossfit_oof_pu_bagging,0.9037733333333328,0.9001666666666658,False,False,1.6173724045024391,5.339882258557017e-13,12.272468318818394,ns,False,5.991964266375693,4.374591861873253,False,True,True
TPPP,0.9036599999999992,294,97.6,1,0,crossfit_oof_pu_bagging,0.9036599999999992,0.8972333333333324,False,False,-2.180390195668569,1.1312643504135692e-14,13.946435898601417,down,True,2.7515744364514148,4.931964632119984,False,True,True
TUBB2B,0.9035599999999996,296,97.59,1,0,crossfit_oof_pu_bagging,0.9035599999999996,0.8989,False,False,1.8210545488447325,1.236183871015556e-07,6.907916927120701,ns,False,3.010658212777301,1.1896036639325689,False,True,True
AURKA,0.9034666666666664,298,97.57,1,0,crossfit_oof_pu_bagging,0.9034666666666664,0.8759666666666666,False,False,2.075073453472942,8.118357380510092e-17,16.0905318343975,up,True,4.4555056827263,2.380432229253359,False,True,True
PRRX2,0.903393333333333,299,97.56,1,0,crossfit_oof_pu_bagging,0.903393333333333,0.8496999999999995,False,False,1.4178343191850415,8.16227682002919e-08,7.0881886804065966,ns,False,3.324753168447602,1.9069188492625595,False,True,True
RBP4,0.9029799999999996,301,97.55,1,0,crossfit_oof_pu_bagging,0.9029799999999996,0.922233333333333,False,False,-2.936784666280381,2.3082669771451364e-17,16.636713961549496,down,True,2.8382752186887723,5.775059884969153,False,True,True
ERN2,0.9028533333333328,302,97.54,1,0,crossfit_oof_pu_bagging,0.9028533333333328,0.8898666666666666,False,False,1.0062168808498368,0.0029434015048537,2.5311504924199184,ns,False,2.393632760014012,1.3874158791641755,False,True,True
LAMP3,0.9025133333333328,304,97.52,1,0,crossfit_oof_pu_bagging,0.9025133333333328,0.916433333333333,False,False,-3.2733801274848933,2.978532538272556e-20,19.52599765119212,down,True,5.914808202318314,9.188188329803207,False,True,True
OLR1,0.9022399999999996,306,97.5,1,0,crossfit_oof_pu_bagging,0.9022399999999996,0.8717666666666669,False,False,-2.841262091983892,2.651849468876929e-18,17.576451132111742,down,True,4.745388152727984,7.586650244711877,False,True,True
FAXDC2,0.9017733333333332,308,97.49,1,0,crossfit_oof_pu_bagging,0.9017733333333332,0.8401666666666667,False,False,-1.5453428620095848,1.869455647368576e-11,10.728284833976774,ns,False,3.905393688075191,5.450736550084775,False,True,True
LRRN4,0.90148,310,97.47,1,0,crossfit_oof_pu_bagging,0.90148,0.8883,False,False,-1.8139879269841503,4.2628841181533444e-08,7.370296473013339,ns,False,3.6695379449537273,5.483525871937875,False,True,True
FCN3,0.90116,312,97.46,1,0,crossfit_oof_pu_bagging,0.90116,0.8669666666666658,False,False,-4.622417693140439,8.961104451058315e-22,21.04763846048964,down,True,3.087626961053131,7.710044654193568,False,True,True
SERPINA1,0.9010533333333326,313,97.45,1,0,crossfit_oof_pu_bagging,0.9010533333333326,0.8934333333333331,False,False,-1.2513779538906946,1.000207744158899e-05,4.999909787228407,ns,False,8.390259053539925,9.64163700743062,False,True,True
MAMDC2,0.8999333333333329,319,97.4,1,0,crossfit_oof_pu_bagging,0.8999333333333329,0.9093666666666652,False,False,-2.782377985417785,2.0106736779459944e-21,20.69665840745744,down,True,2.765724297216811,5.548102282634594,False,True,True
SCTR,0.8983133333333331,324,97.36,1,0,crossfit_oof_pu_bagging,0.8983133333333331,0.8824333333333332,False,False,-1.8241332233862424,1.105741208809354e-08,7.956346504801012,ns,False,2.6787654040473607,4.502898627433602,False,True,True
NKG7,0.8979666666666664,326,97.34,1,0,crossfit_oof_pu_bagging,0.8979666666666664,0.8841999999999995,False,False,-1.387557971130008,1.1121993918724131e-08,7.953817346722279,ns,False,4.822588125172517,6.210146096302524,False,True,True
COL5A2,0.897913333333333,327,97.33,1,0,crossfit_oof_pu_bagging,0.897913333333333,0.893699999999999,False,False,2.2228409627025125,1.1022373113563096e-13,12.957724891947914,up,True,6.534107864570794,4.311266901868282,False,True,True
HSD17B6,0.8976266666666662,328,97.32,1,0,crossfit_oof_pu_bagging,0.8976266666666662,0.8952666666666662,False,False,-3.063523654923445,3.643980858234181e-19,18.43842391303414,down,True,4.183556132381385,7.24707978730483,False,True,True
AHNAK2,0.8975733333333331,329,97.32,1,0,crossfit_oof_pu_bagging,0.8975733333333331,0.8561666666666664,False,False,1.3482172960306502,2.38593144428446e-07,6.622342039205787,ns,False,3.58203783953446,2.2338205435038097,False,True,True
SCG5,0.8974,331,97.3,1,0,crossfit_oof_pu_bagging,0.8974,0.8662000000000002,False,False,1.8172429944302373,5.0337730500755264e-11,10.298106368708536,ns,False,3.326066657464447,1.5088236630342085,False,True,True
IRX2,0.8961466666666663,335,97.27,1,0,crossfit_oof_pu_bagging,0.8961466666666663,0.9196,False,False,-2.33813330942854,3.5309461362012826e-13,12.45210890745219,down,True,3.573783803190278,5.911917112618816,False,True,True
AQP1,0.8951799999999996,338,97.24,1,0,crossfit_oof_pu_bagging,0.8951799999999996,0.8952999999999998,False,False,-2.3047602510343297,1.455767695055962e-12,11.836907922278872,down,True,7.73259997441756,10.03736022545189,False,True,True
SDR16C5,0.8951799999999996,338,97.24,1,0,crossfit_oof_pu_bagging,0.8951799999999996,0.8881333333333333,False,False,-1.0366002670105774,9.754585055665664e-05,4.010791200064187,ns,False,5.406315745580401,6.442916012590977,False,True,True
FAM167A,0.8950799999999995,340,97.23,1,0,crossfit_oof_pu_bagging,0.8950799999999995,0.8830333333333334,False,False,-2.04972620896979,1.293899569864642e-13,12.888099431508328,down,True,2.83432454401176,4.8840507529815484,False,True,True
NCAPG,0.8949933333333329,341,97.22,1,0,crossfit_oof_pu_bagging,0.8949933333333329,0.8507666666666668,False,False,2.151371566838895,5.102100478847848e-16,15.292250992809828,up,True,3.0913317730173016,0.9399602061784073,False,True,True
MDFI,0.8947199999999997,343,97.2,1,0,crossfit_oof_pu_bagging,0.8947199999999997,0.8910333333333333,False,False,1.1653745725491442,4.573061610868879e-07,6.339792947519355,ns,False,4.729030485009099,3.5636559124599545,False,True,True
TCN1,0.8941399999999998,344,97.19,1,0,crossfit_oof_pu_bagging,0.8941399999999998,0.8610999999999998,False,False,2.511664857605541,3.041605980138904e-08,7.516897046606074,up,True,3.0626143424743435,0.550949484868803,False,True,True
NDC80,0.8934466666666662,349,97.15,1,0,crossfit_oof_pu_bagging,0.8934466666666662,0.8938666666666664,False,False,2.097340655375536,5.550962322156668e-17,16.255631720485646,up,True,3.243901778718361,1.1465611233428257,False,True,True
FSCN1,0.8933133333333327,351,97.14,1,0,crossfit_oof_pu_bagging,0.8933133333333327,0.8750999999999991,False,False,1.0150089562943254,2.3281455157622627e-05,4.632989878524919,ns,False,6.595320490240584,5.580311533946259,False,True,True
GBP4,0.892973333333333,352,97.13,1,0,crossfit_oof_pu_bagging,0.892973333333333,0.8890333333333329,False,False,-1.465885233004809,1.917129924794647e-09,8.717348453783732,ns,False,4.735462118785275,6.201347351790086,False,True,True
P3H2,0.8927866666666666,355,97.1,1,0,crossfit_oof_pu_bagging,0.8927866666666666,0.8897999999999996,False,False,-2.600074726642285,9.054988755678526e-18,17.04311208464863,down,True,3.521888172614841,6.121962899257126,False,True,True
SLC29A4,0.8916666666666664,361,97.05,1,0,crossfit_oof_pu_bagging,0.8916666666666664,0.9101999999999992,False,False,1.6603590231034109,2.777282089809714e-11,10.556380006520593,ns,False,3.140873640339457,1.4805146172360475,False,True,True
GGT6,0.8913533333333328,363,97.04,1,0,crossfit_oof_pu_bagging,0.8913533333333328,0.878566666666666,False,False,-1.1868156915822237,7.732602248052115e-06,5.11167432861916,ns,False,2.7694507482858985,3.956266439868122,False,True,True
ARHGAP40,0.8910599999999997,366,97.01,1,0,crossfit_oof_pu_bagging,0.8910599999999997,0.8622666666666657,False,False,1.9133178952656555,3.969599341991077e-12,11.401253325061404,ns,False,2.701950329060161,0.7886324337945043,False,True,True
PRSS2,0.8898666666666666,370,96.98,1,0,crossfit_oof_pu_bagging,0.8898666666666666,0.8381333333333331,False,False,2.238404022002652,4.448980183144292e-06,5.35173952870245,up,True,2.9106084412675584,0.6722044192649079,False,True,True
PODNL1,0.889833333333333,371,96.97,1,0,crossfit_oof_pu_bagging,0.889833333333333,0.8732666666666662,False,False,1.723284509376645,6.918622421502652e-13,12.159980370037111,ns,False,3.122768664309499,1.3994841549328547,False,True,True
SIX2,0.8896199999999996,373,96.96,1,0,crossfit_oof_pu_bagging,0.8896199999999996,0.8619333333333329,False,False,1.1265809910983755,3.421358123176486e-05,4.465801464610852,ns,False,2.0116075762153947,0.8850265851170189,False,True,True
CAVIN2,0.889493333333333,374,96.95,1,0,crossfit_oof_pu_bagging,0.889493333333333,0.872033333333333,False,False,-3.308615768533095,1.984399583036924e-24,23.702370872890025,down,True,5.149610777839315,8.458226546372408,False,True,True
BMP5,0.8884933333333329,380,96.9,1,0,crossfit_oof_pu_bagging,0.8884933333333329,0.8555666666666667,False,False,-1.5910489664580698,2.5840542303339862e-11,10.587698376246744,ns,False,2.993847050084576,4.584896016542646,False,True,True
ASPHD1,0.8878533333333329,383,96.87,1,0,crossfit_oof_pu_bagging,0.8878533333333329,0.8543999999999996,False,False,1.5304406160973192,6.731962746585333e-10,9.17185829599348,ns,False,3.165530300020557,1.6350896839232374,False,True,True
CBLC,0.887473333333333,384,96.87,1,0,crossfit_oof_pu_bagging,0.887473333333333,0.8646666666666663,False,False,2.5451695256934017,7.128815641965697e-19,18.14698261641512,up,True,4.951053554754591,2.405884029061188,False,True,True
HJURP,0.8873866666666667,385,96.86,1,0,crossfit_oof_pu_bagging,0.8873866666666667,0.8439666666666661,False,False,2.4982804968142025,1.9513530966965857e-17,16.709664138051952,up,True,3.3915464331750163,0.8932659363608145,False,True,True
EPHX4,0.8869066666666663,387,96.84,1,0,crossfit_oof_pu_bagging,0.8869066666666663,0.869533333333333,False,False,1.847469551453954,1.5289899040589842e-13,12.81559538223055,ns,False,2.732489267456453,0.8850197160025002,False,True,True
SPINK2,0.8867066666666663,388,96.83,1,0,crossfit_oof_pu_bagging,0.8867066666666663,0.8680999999999996,False,False,1.0187851291944785,7.625582560966823e-06,5.117726972525588,ns,False,1.7403051884477516,0.7215200592532736,False,True,True
FPR1,0.8866199999999995,390,96.82,1,0,crossfit_oof_pu_bagging,0.8866199999999995,0.8478000000000002,False,False,-1.4205842392989352,2.367545857999194e-14,13.625701600209329,ns,False,4.289338266497528,5.70992250579646,False,True,True
PIMREG,0.8857399999999995,394,96.78,1,0,crossfit_oof_pu_bagging,0.8857399999999995,0.8505666666666667,False,False,2.003415286600991,4.627167293308539e-16,15.334684798479929,up,True,2.823241901151236,0.8198266145502442,False,True,True
FBXO32,0.8853266666666663,396,96.77,1,0,crossfit_oof_pu_bagging,0.8853266666666663,0.9128999999999996,False,False,1.8083602171117603,2.077787213517407e-13,12.682398930660948,ns,False,4.78609812599117,2.9777379088794094,False,True,True
POF1B,0.884893333333333,399,96.74,1,0,crossfit_oof_pu_bagging,0.884893333333333,0.8433999999999995,False,False,1.064168699442572,6.118574505311202e-05,4.213349747231617,ns,False,3.1931068731740706,2.128938173731499,False,True,True
IGSF9,0.8848799999999996,400,96.74,1,0,crossfit_oof_pu_bagging,0.8848799999999996,0.841933333333333,False,False,2.582229133670879,2.0403828618265691e-19,18.69028833297726,up,True,3.7530183459716,1.1707892123007198,False,True,True
CCL7,0.8848199999999995,401,96.73,1,0,crossfit_oof_pu_bagging,0.8848199999999995,0.8675000000000002,False,False,1.355977781635789,1.9217222339705526e-09,8.716309385123004,ns,False,2.078384151551107,0.7224063699153181,False,True,True
LEMD1,0.8837133333333332,405,96.69,1,0,crossfit_oof_pu_bagging,0.8837133333333332,0.8799999999999992,False,False,1.5703628244073935,6.321196755326593e-09,8.199200691491136,ns,False,2.804812640561817,1.2344498161544224,False,True,True
PLA2G1B,0.8836466666666662,406,96.69,1,0,crossfit_oof_pu_bagging,0.8836466666666662,0.8700333333333329,False,False,-3.861025994443657,1.1102331822677285e-21,20.95458579676599,down,True,2.682997504622896,6.544023499066554,False,True,True
CLEC3B,0.8835933333333331,407,96.68,1,0,crossfit_oof_pu_bagging,0.8835933333333331,0.852833333333333,False,False,-4.047967282519142,1.788433009400852e-27,26.74752732288568,down,True,3.380936890712155,7.428904173231297,False,True,True
C16ORF89,0.8835399999999994,409,96.66,1,0,crossfit_oof_pu_bagging,0.8835399999999994,0.8837999999999996,False,False,-2.0666489932335512,1.838814784824056e-07,6.735462013002167,down,True,6.601584302050065,8.668233295283615,False,True,True
VSTM2L,0.8834866666666663,410,96.65,1,0,crossfit_oof_pu_bagging,0.8834866666666663,0.8415333333333332,False,False,1.243707473565924,2.0988489806895204e-05,4.678018809255972,ns,False,5.928789645785365,4.685082172219441,False,True,True
CILP2,0.8830933333333333,412,96.64,1,0,crossfit_oof_pu_bagging,0.8830933333333333,0.8584000000000002,False,False,2.4023650181755536,1.0400444113479318e-15,14.982948115324747,up,True,3.0986049070310684,0.696239888855516,False,True,True
CACNG4,0.8829466666666661,413,96.63,1,0,crossfit_oof_pu_bagging,0.8829466666666661,0.8681666666666662,False,False,-1.5895880068344137,2.593150077126422e-06,5.586172347950368,ns,False,2.876507613825064,4.466095620659477,False,True,True
BHMT2,0.8824333333333332,416,96.6,1,0,crossfit_oof_pu_bagging,0.8824333333333332,0.8361000000000001,False,False,1.061439056963549,0.0005014053292287,3.299811054417832,ns,False,2.8170228580073906,1.7555838010438425,False,True,True
DIRAS1,0.8823999999999999,417,96.6,1,0,crossfit_oof_pu_bagging,0.8823999999999999,0.8825999999999997,False,False,1.5719870480604103,3.9015110078624844e-10,9.408767163412756,ns,False,2.465061281519826,0.8930742334594151,False,True,True
NMNAT2,0.8816533333333325,418,96.59,1,0,crossfit_oof_pu_bagging,0.8816533333333325,0.8856333333333327,False,False,1.111323661756666,1.0884714075755844e-05,4.9631829747030345,ns,False,2.3365536196323613,1.2252299578756969,False,True,True
MACROD2,0.8816399999999998,419,96.58,1,0,crossfit_oof_pu_bagging,0.8816399999999998,0.8707666666666656,False,False,-1.6964894390217082,8.691632612640598e-12,11.060898639194008,ns,False,2.099478555063797,3.795967994085506,False,True,True
SOCS2,0.8814933333333329,420,96.57,1,0,crossfit_oof_pu_bagging,0.8814933333333329,0.8109333333333332,False,False,-1.9266304026694272,4.3438023604859445e-14,13.362129943019353,ns,False,3.235343203702873,5.161973606372302,False,True,True
B3GNT3,0.8811599999999997,421,96.56,1,0,crossfit_oof_pu_bagging,0.8811599999999997,0.858666666666666,False,False,3.577352280127672,1.3138067864125412e-22,21.881468499132968,up,True,5.3365163617533735,1.7591640816257004,False,True,True
PRG4,0.8810599999999997,423,96.55,1,0,crossfit_oof_pu_bagging,0.8810599999999997,0.8943999999999996,False,False,-2.514550711786392,2.423329106102095e-12,11.615587601438946,down,True,1.7817709787796772,4.296321690566068,False,True,True
CNFN,0.8808399999999995,425,96.53,1,0,crossfit_oof_pu_bagging,0.8808399999999995,0.8653999999999996,False,False,1.7741378075268666,2.972373978924525e-14,13.526896549297287,ns,False,3.330401924190448,1.5562641166635791,False,True,True
MARCO,0.88018,430,96.49,1,0,crossfit_oof_pu_bagging,0.88018,0.8641999999999996,False,False,-3.5485553856453382,1.4442140531211e-18,17.84036843335929,down,True,5.830984914987922,9.37954030063326,False,True,True
NPR3,0.8801133333333331,431,96.48,1,0,crossfit_oof_pu_bagging,0.8801133333333331,0.8567999999999993,False,False,-1.589634706388047,1.8818986213630168e-11,10.725403775897345,ns,False,2.769001821157451,4.3586365275455,False,True,True
ZG16B,0.8800866666666662,432,96.47,1,0,crossfit_oof_pu_bagging,0.8800866666666662,0.8490333333333329,False,False,1.0634389869678036,9.155579257917512e-05,4.038314173420302,ns,False,2.284658661339892,1.221219674372089,False,True,True
PCDH7,0.8800733333333334,434,96.46,1,0,crossfit_oof_pu_bagging,0.8800733333333334,0.8786333333333327,False,False,1.0854671335608137,4.428429112273286e-06,5.353750302864911,ns,False,2.747270124489848,1.6618029909290355,False,True,True
TMEM132A,0.879933333333333,436,96.44,1,0,crossfit_oof_pu_bagging,0.879933333333333,0.8415333333333329,False,False,1.6877165320302976,1.3002439488217964e-11,10.88597515870246,ns,False,4.473557102162046,2.785840570131749,False,True,True
NPTX2,0.8791266666666665,437,96.43,1,0,crossfit_oof_pu_bagging,0.8791266666666665,0.8648333333333327,False,False,1.4785644599198686,4.086489196465837e-06,5.388649644896772,ns,False,2.537528714871025,1.058964254951157,False,True,True
KCNJ15,0.8791066666666664,438,96.42,1,0,crossfit_oof_pu_bagging,0.8791066666666664,0.9029666666666666,False,False,-1.955421113517632,1.3833992106110325e-13,12.85905247647241,ns,False,3.4910500303459027,5.446471143863534,False,True,True
MFAP2,0.8789933333333331,440,96.41,1,0,crossfit_oof_pu_bagging,0.8789933333333331,0.8322333333333332,False,False,1.5107045900485063,3.9357160940132496e-11,10.404976237286032,ns,False,4.54521012738227,3.034505537333763,False,True,True
TBX15,0.8786266666666662,441,96.4,1,0,crossfit_oof_pu_bagging,0.8786266666666662,0.8570666666666665,False,False,1.6717700037410128,4.867522888296112e-13,12.312691997643096,ns,False,2.332461029402643,0.6606910256616294,False,True,True
PRELP,0.878146666666666,442,96.39,1,0,crossfit_oof_pu_bagging,0.878146666666666,0.8469333333333334,False,False,-1.5438859765719886,1.6091856204951202e-09,8.793393856890935,ns,False,5.366566555722927,6.910452532294913,False,True,True
REEP6,0.8781133333333331,443,96.38,1,0,crossfit_oof_pu_bagging,0.8781133333333331,0.8500333333333323,False,False,1.3234672038995905,2.1057008444788952e-08,7.676603328696851,ns,False,4.327636666395974,3.004169462496383,False,True,True
S100A12,0.8774999999999998,447,96.35,1,0,crossfit_oof_pu_bagging,0.8774999999999998,0.8458666666666665,False,False,-1.5590410535480954,8.249178764730865e-11,10.083589284868069,ns,False,2.135160465818123,3.694201519366218,False,True,True
SLC2A3,0.8774599999999998,448,96.34,1,0,crossfit_oof_pu_bagging,0.8774599999999998,0.8735999999999999,False,False,-1.1737052724113817,6.588967168639006e-09,8.181182656440084,ns,False,4.939090256465872,6.112795528877252,False,True,True
IL37,0.8769133333333331,451,96.32,1,0,crossfit_oof_pu_bagging,0.8769133333333331,0.8650999999999998,False,False,1.7489950472209088,1.3531865115871777e-07,6.868642339861632,ns,False,2.220314654624726,0.4713196074038172,False,True,True
EMCN,0.8768733333333335,452,96.31,1,0,crossfit_oof_pu_bagging,0.8768733333333335,0.8364333333333333,False,False,-2.6004649165065024,7.330138817506049e-26,25.134887800651367,down,True,3.00192883220699,5.602393748713492,False,True,True
PLAC8,0.8767599999999997,453,96.3,1,0,crossfit_oof_pu_bagging,0.8767599999999997,0.8797333333333331,False,False,-1.7107351386044911,1.4415712696396467e-09,8.841163881721075,ns,False,3.402184428970594,5.112919567575083,False,True,True
INMT,0.8765466666666664,454,96.29,1,0,crossfit_oof_pu_bagging,0.8765466666666664,0.8319,False,False,-3.7554105985542416,2.5753455575658822e-26,25.589164489467368,down,True,4.144882735840847,7.900293334395087,False,True,True
CDCA7,0.8761399999999998,455,96.29,1,0,crossfit_oof_pu_bagging,0.8761399999999998,0.8825999999999994,False,False,1.9886997621410385,8.177522604545022e-14,13.087378246711928,ns,False,3.696436114777214,1.7077363526361746,False,True,True
SRPX2,0.8761199999999997,456,96.28,1,0,crossfit_oof_pu_bagging,0.8761199999999997,0.8422333333333337,False,False,1.6235677746554131,3.214024692066061e-11,10.492950791049076,ns,False,3.917077225006552,2.293509450351141,False,True,True
RFLNA,0.8752933333333329,461,96.24,1,0,crossfit_oof_pu_bagging,0.8752933333333329,0.878633333333333,False,False,1.4655698449504742,6.503428556169033e-09,8.186857626363176,ns,False,2.526842897808885,1.0612730528584091,False,True,True
COL15A1,0.8751666666666665,462,96.23,1,0,crossfit_oof_pu_bagging,0.8751666666666665,0.8338333333333342,False,False,1.164176589199876,8.077096489930382e-06,5.0927447289554895,ns,False,5.10951094784707,3.9453343586471954,False,True,True
SLC16A14,0.8745066666666663,464,96.21,1,0,crossfit_oof_pu_bagging,0.8745066666666663,0.8402666666666669,False,False,1.4857243020418112,8.439785074998679e-08,7.073668612844793,ns,False,3.535936213391717,2.050211911349906,False,True,True
PTPRB,0.8744133333333333,465,96.2,1,0,crossfit_oof_pu_bagging,0.8744133333333333,0.8632333333333329,False,False,-2.457648288834046,4.3686190538227066e-24,23.35965582437623,down,True,2.853117787312314,5.310766076146363,False,True,True
AKR7A3,0.8740666666666662,467,96.19,1,0,crossfit_oof_pu_bagging,0.8740666666666662,0.861533333333333,False,False,1.62518437545201,1.345142440733851e-07,6.871231724621224,ns,False,2.3830947841136547,0.7579104086616442,False,True,True
ZWINT,0.8739866666666665,468,96.18,1,0,crossfit_oof_pu_bagging,0.8739866666666665,0.8787333333333336,False,False,2.2339322543536926,8.700990032078963e-19,18.06043132887491,up,True,5.184514915645267,2.950582661291574,False,True,True
PRODH,0.8734666666666662,471,96.15,1,0,crossfit_oof_pu_bagging,0.8734666666666662,0.8692333333333327,False,False,-1.0439768748942015,1.1264599097911569e-05,4.948284260013208,ns,False,2.5536546679964034,3.5976315428906047,False,True,True
OGN,0.873413333333333,472,96.15,1,0,crossfit_oof_pu_bagging,0.873413333333333,0.8555999999999995,False,False,-2.2948463074884944,4.1937032290624903e-17,16.377402305997716,down,True,2.102835807460066,4.39768211494856,False,True,True
PCOLCE2,0.873,473,96.14,1,0,crossfit_oof_pu_bagging,0.873,0.8914999999999983,False,False,-2.4900849696629987,1.9316850810863052e-19,18.714063674346164,down,True,2.4500800682380834,4.940165037901084,False,True,True
NR4A3,0.8718799999999998,475,96.12,1,0,crossfit_oof_pu_bagging,0.8718799999999998,0.8391333333333334,False,False,-1.959252568905777,6.297764362535238e-11,10.20081359297943,ns,False,2.594686416048493,4.55393898495427,False,True,True
BMP6,0.870966666666666,480,96.08,1,0,crossfit_oof_pu_bagging,0.870966666666666,0.8354999999999994,False,False,-1.436361994329606,7.608054056368972e-08,7.118726410332031,ns,False,2.660606566563479,4.096968560893085,False,True,True
NXPH4,0.8708599999999999,481,96.07,1,0,crossfit_oof_pu_bagging,0.8708599999999999,0.846533333333333,False,False,1.4326614094353838,2.020540302916821e-07,6.694532482434987,ns,False,1.97201590285889,0.5393544934235059,False,True,True
TGFB2,0.8708466666666667,482,96.06,1,0,crossfit_oof_pu_bagging,0.8708466666666667,0.7917000000000002,False,False,-1.094339756889227,6.624872381675204e-06,5.1788224833486,ns,False,2.8844754692263166,3.978815226115543,False,True,True
IVL,0.8707399999999994,483,96.05,1,0,crossfit_oof_pu_bagging,0.8707399999999994,0.831833333333333,False,False,1.62852712794775,2.083398325136268e-06,5.681227689307845,ns,False,2.288796685168513,0.6602695572207631,False,True,True
BUB1B,0.8707399999999994,483,96.05,1,0,crossfit_oof_pu_bagging,0.8707399999999994,0.8479999999999993,False,False,2.271765958703262,6.2176359867758456e-18,17.206374707439526,up,True,3.110576974169382,0.838811015466119,False,True,True
DIO2,0.8705933333333331,485,96.04,1,0,crossfit_oof_pu_bagging,0.8705933333333331,0.8625999999999999,False,False,1.6515351209115132,1.8840392549186864e-11,10.724910052701864,ns,False,2.617649967418896,0.9661148465073836,False,True,True
COL5A1,0.8703199999999998,487,96.02,1,0,crossfit_oof_pu_bagging,0.8703199999999998,0.8614666666666663,False,False,2.1070722912694984,2.4215453434676497e-12,11.615907394371554,up,True,6.51751374435232,4.4104414530828215,False,True,True
MYRF,0.8702199999999998,488,96.02,1,0,crossfit_oof_pu_bagging,0.8702199999999998,0.8494333333333332,False,False,-2.382717866568296,8.371893754796531e-15,14.077176291799953,down,True,2.7812481275645253,5.163965994132822,False,True,True
PPBP,0.8701866666666662,489,96.01,1,0,crossfit_oof_pu_bagging,0.8701866666666662,0.8468,False,False,-1.8865132550167187,3.264052965073987e-08,7.486242802659373,ns,False,1.7494561242679465,3.635969379284668,False,True,True
IQCN,0.8692666666666662,490,96.0,1,0,crossfit_oof_pu_bagging,0.8692666666666662,0.820233333333333,False,False,-2.1035897860524804,2.1922288287916792e-15,14.659114115381708,down,True,1.2120472279501675,3.315637014002648,False,True,True
H2AW,0.8691799999999994,491,95.99,1,0,crossfit_oof_pu_bagging,0.8691799999999994,0.8358333333333332,False,False,1.0348893424007652,0.0005101542834453,3.292298462498114,ns,False,3.752565395581237,2.7176760531804693,False,True,True
FMO2,0.8688866666666668,492,95.98,1,0,crossfit_oof_pu_bagging,0.8688866666666668,0.8589666666666664,False,False,-3.1672762213088923,6.717306442912029e-26,25.17280483877441,down,True,3.90777744169575,7.075053663004639,False,True,True
SLC16A9,0.8687866666666663,493,95.97,1,0,crossfit_oof_pu_bagging,0.8687866666666663,0.8482666666666671,False,False,1.2145896688016289,1.1367416769078502e-05,4.944338216965587,ns,False,2.8104594335265647,1.5958697647249358,False,True,True
ALOX5AP,0.8687333333333331,494,95.97,1,0,crossfit_oof_pu_bagging,0.8687333333333331,0.8403666666666667,False,False,-2.016768499832092,3.984753048563054e-14,13.39959858843842,down,True,6.110142187003657,8.126910686835748,False,True,True
AGTR2,0.8682466666666666,497,95.94,1,0,crossfit_oof_pu_bagging,0.8682466666666666,0.8576666666666669,False,False,-3.07602755697638,3.252847774527852e-14,13.487736260182473,down,True,1.8954468837991385,4.97147444077552,False,True,True
KRT15,0.8682199999999998,498,95.93,1,0,crossfit_oof_pu_bagging,0.8682199999999998,0.8428666666666663,False,False,1.6147737064015777,7.254606497399562e-09,8.139386139483,ns,False,3.8446748312946415,2.2299011248930647,False,True,True
HORMAD1,0.8670866666666661,503,95.89,1,0,crossfit_oof_pu_bagging,0.8670866666666661,0.8652999999999997,False,False,1.6543701977840564,2.320310820037953e-08,7.634453834770419,ns,False,2.094169702308464,0.4397995045244076,False,True,True
RTN4RL2,0.866886666666667,505,95.88,1,0,crossfit_oof_pu_bagging,0.866886666666667,0.8859333333333327,False,False,1.5701080495676347,7.6966772354429e-10,9.113696725445877,ns,False,3.1433064564088453,1.5731984068412104,False,True,True
SUSD2,0.8667133333333336,506,95.87,1,0,crossfit_oof_pu_bagging,0.8667133333333336,0.8877333333333335,False,False,-3.5608488160991896,1.3024562057050257e-17,16.88523687066982,down,True,5.339196391545284,8.900045207644473,False,True,True
HILPDA,0.86628,508,95.85,1,0,crossfit_oof_pu_bagging,0.86628,0.846966666666667,False,False,1.2426952285148394,2.2721474509456326e-10,9.64356348851817,ns,False,4.807106127760756,3.5644108992459165,False,True,True
SSTR1,0.8662266666666667,509,95.84,1,0,crossfit_oof_pu_bagging,0.8662266666666667,0.8255666666666666,False,False,-2.438532253025276,3.1581145485809123e-20,19.500572121663257,down,True,1.354876585167863,3.7934088381931392,False,True,True
MS4A15,0.8660733333333329,510,95.84,1,0,crossfit_oof_pu_bagging,0.8660733333333329,0.8712999999999994,False,False,-4.334576907543484,1.1614382048506725e-19,18.93500389219719,down,True,2.47803846614876,6.812615373692244,False,True,True
MAOA,0.8658599999999996,511,95.83,1,0,crossfit_oof_pu_bagging,0.8658599999999996,0.8867666666666664,False,False,-1.5380970566518566,5.297860283906097e-09,8.275899499177465,ns,False,5.65680997770276,7.1949070343546175,False,True,True
FAM107A,0.8657866666666665,512,95.82,1,0,crossfit_oof_pu_bagging,0.8657866666666665,0.798833333333333,False,False,-4.188562197890864,8.949173254234032e-25,24.048217083981136,down,True,2.76870886802718,6.957271065918044,False,True,True
MAL,0.8652466666666664,516,95.79,1,0,crossfit_oof_pu_bagging,0.8652466666666664,0.8445333333333334,False,False,-1.5822457261221776,3.3763693122272934e-11,10.471550055680792,ns,False,3.333379413130326,4.915625139252501,False,True,True
PLOD2,0.8652000000000001,517,95.78,1,0,crossfit_oof_pu_bagging,0.8652000000000001,0.8617333333333335,False,False,1.4900527717517182,3.844170432667544e-08,7.415197365975859,ns,False,5.3197501655559964,3.829697393804278,False,True,True
BUB1,0.8647599999999993,519,95.76,1,0,crossfit_oof_pu_bagging,0.8647599999999993,0.845933333333333,False,False,1.9855093907708985,5.707537342001155e-17,16.24355123842345,ns,False,3.546374128588899,1.5608647378180014,False,True,True
RCOR2,0.864693333333333,520,95.75,1,0,crossfit_oof_pu_bagging,0.864693333333333,0.8825999999999995,False,False,1.4169841664296854,2.2117417906834782e-09,8.655265576023263,ns,False,2.2431855359281,0.8262013694984145,False,True,True
SFTPC,0.8639266666666663,522,95.74,1,0,crossfit_oof_pu_bagging,0.8639266666666663,0.8460666666666666,False,False,-7.69247710595705,1.5748677275472529e-18,17.802755916546552,down,True,6.977292362414541,14.669769468371594,False,True,True
FOXA3,0.863213333333333,523,95.73,1,0,crossfit_oof_pu_bagging,0.863213333333333,0.8650999999999993,False,False,1.4141135601568258,3.688665715460629e-07,6.433130700834187,ns,False,2.630024483248689,1.2159109230918632,False,True,True
TOX3,0.8631266666666667,524,95.72,1,0,crossfit_oof_pu_bagging,0.8631266666666667,0.8308000000000005,False,False,1.5118623464966032,2.863690982507628e-09,8.543073848037512,ns,False,3.0380110244704257,1.5261486779738227,False,True,True
LAMP5,0.8630866666666666,525,95.71,1,0,crossfit_oof_pu_bagging,0.8630866666666666,0.8188000000000002,False,False,1.2181803964567317,1.4457438906617893e-08,7.839908634236181,ns,False,3.116941543257706,1.898761146800975,False,True,True
STEAP2,0.86304,527,95.7,1,0,crossfit_oof_pu_bagging,0.86304,0.8161666666666674,False,False,1.3252475237975156,2.533271824736725e-10,9.596318207110604,ns,False,3.843374483085802,2.5181269592882867,False,True,True
FCER1A,0.8623200000000001,532,95.66,1,0,crossfit_oof_pu_bagging,0.8623200000000001,0.8418666666666671,False,False,-1.5726287737158582,8.90022672318757e-08,7.050598930054511,ns,False,3.2852165635451858,4.857845337261042,False,True,True
BCHE,0.8621866666666665,534,95.64,1,0,crossfit_oof_pu_bagging,0.8621866666666665,0.8520333333333334,False,False,-2.2612185476743383,3.256193925868796e-21,20.48728973817266,down,True,1.6595152714922918,3.920733819166632,False,True,True
HIGD1B,0.8620599999999999,535,95.63,1,0,crossfit_oof_pu_bagging,0.8620599999999999,0.8303333333333339,False,False,-2.633126456932797,2.5753455575658822e-26,25.589164489467368,down,True,2.69131748383116,5.324443940763957,False,True,True
SEZ6L2,0.86144,537,95.61,1,0,crossfit_oof_pu_bagging,0.86144,0.8309999999999996,False,False,1.2780105694711608,8.610302676138173e-08,7.064981581616478,ns,False,5.888732262233424,4.610721692762265,False,True,True
CRLF1,0.8612800000000002,539,95.6,1,0,crossfit_oof_pu_bagging,0.8612800000000002,0.8202666666666659,False,False,1.890092177253821,6.036011363010328e-06,5.219249951320563,ns,False,4.67430865854122,2.784216481287398,False,True,True
SKA1,0.8609599999999997,540,95.59,1,0,crossfit_oof_pu_bagging,0.8609599999999997,0.8154333333333339,False,False,1.8948317988992605,1.428329409619983e-14,13.845171621493863,ns,False,2.7205837140091176,0.8257519151098573,False,True,True
GSDMC,0.8608866666666668,541,95.58,1,0,crossfit_oof_pu_bagging,0.8608866666666668,0.8503000000000001,False,False,1.361036321280507,3.4378606448377823e-08,7.463711731606089,ns,False,2.6097359651281127,1.248699643847606,False,True,True
GRAMD2A,0.8606399999999997,542,95.57,1,0,crossfit_oof_pu_bagging,0.8606399999999997,0.8505666666666666,False,False,-1.9014987929767304,1.0777909911342834e-14,13.967465450835578,ns,False,3.21014950313581,5.111648296112541,False,True,True
UNC5CL,0.8605933333333333,544,95.56,1,0,crossfit_oof_pu_bagging,0.8605933333333333,0.8777999999999988,False,False,1.7599133536668452,5.968650616360907e-13,12.22412384242303,ns,False,3.255662340873436,1.495748987206592,False,True,True
MMP19,0.860506666666667,545,95.55,1,0,crossfit_oof_pu_bagging,0.860506666666667,0.8595999999999996,False,False,-1.594432341588756,6.242238998357214e-14,13.20465960739759,ns,False,3.610674513240052,5.205106854828806,False,True,True
MATN3,0.8604999999999998,546,95.54,1,0,crossfit_oof_pu_bagging,0.8604999999999998,0.8255666666666667,False,False,-1.6547097823705037,2.1596762781732744e-11,10.665611341969122,ns,False,2.8138978996117263,4.468607681982231,False,True,True
TFF1,0.8601266666666664,548,95.52,1,0,crossfit_oof_pu_bagging,0.8601266666666664,0.8301666666666665,False,False,2.524750067410996,4.790508498496662e-07,6.319618385046797,up,True,3.0563549452811154,0.5316048778701201,False,True,True
RAMP3,0.8599933333333329,549,95.52,1,0,crossfit_oof_pu_bagging,0.8599933333333329,0.861633333333333,False,False,-3.1969772577883235,6.6983524251830425e-25,24.17403200635038,down,True,4.5762306063323885,7.773207864120717,False,True,True
VGLL1,0.8597133333333332,550,95.51,1,0,crossfit_oof_pu_bagging,0.8597133333333332,0.8099666666666666,False,False,-1.142433231933956,1.2343447541890464e-05,4.908563524313481,ns,False,1.9144577800386493,3.056891011972605,False,True,True
H2BC4,0.8597066666666665,551,95.5,1,0,crossfit_oof_pu_bagging,0.8597066666666665,0.8351333333333337,False,False,1.278595348997452,4.4040753175780414e-09,8.356145262423077,ns,False,4.1994427657207325,2.9208474167232823,False,True,True
GALNT5,0.8596666666666664,552,95.49,1,0,crossfit_oof_pu_bagging,0.8596666666666664,0.8786333333333336,False,False,-1.2852847158691287,1.2251803848077168e-07,6.911799964883717,ns,False,3.612675750077477,4.897960465946608,False,True,True
SLC44A5,0.8594866666666666,554,95.48,1,0,crossfit_oof_pu_bagging,0.8594866666666666,0.8546666666666668,False,False,1.1534464365518482,1.3938183688157345e-06,5.855793816310062,ns,False,2.1483046719318235,0.9948582353799748,False,True,True
ERICH2,0.85946,556,95.46,1,0,crossfit_oof_pu_bagging,0.85946,0.8461333333333337,False,False,-1.6110755667925536,9.819747357320713e-14,13.007899685607445,ns,False,3.317248315917769,4.928323882710323,False,True,True
GKN2,0.8591133333333332,560,95.43,1,0,crossfit_oof_pu_bagging,0.8591133333333332,0.8412999999999994,False,False,-4.375701610272956,2.7530250611918322e-18,17.560189835142165,down,True,2.346910665555197,6.722612275828151,False,True,True
KIF4A,0.858893333333333,561,95.42,1,0,crossfit_oof_pu_bagging,0.858893333333333,0.8318999999999995,False,False,2.7378528277661776,1.9260909729989512e-18,17.71532320415936,up,True,3.6874861985117575,0.9496333707455814,False,True,True
MMRN1,0.8587066666666665,563,95.4,1,0,crossfit_oof_pu_bagging,0.8587066666666665,0.8597999999999998,False,False,-2.0417997089944864,6.241765723400184e-16,15.2046925360462,down,True,2.5004262900962537,4.542225999090739,False,True,True
POU2AF1,0.8583799999999998,566,95.38,1,0,crossfit_oof_pu_bagging,0.8583799999999998,0.8286999999999991,False,False,1.4080248016022452,7.625347238910347e-10,9.117740374865242,ns,False,3.3523085226473825,1.944283721045136,False,True,True
XKRX,0.858273333333333,568,95.36,1,0,crossfit_oof_pu_bagging,0.858273333333333,0.8184666666666665,False,False,1.5799144623982926,1.672761934797542e-09,8.77656586283952,ns,False,3.2024547874628384,1.6225403250645456,False,True,True
HK3,0.8576599999999999,570,95.34,1,0,crossfit_oof_pu_bagging,0.8576599999999999,0.8648666666666666,False,False,-1.909868211611908,1.032510558068305e-16,15.98610549871528,ns,False,3.677116485705011,5.586984697316923,False,True,True
HLF,0.8570799999999998,572,95.33,1,0,crossfit_oof_pu_bagging,0.8570799999999998,0.8459666666666675,False,False,-2.12341641459941,6.694991995427317e-16,15.174249937896755,down,True,2.633625391342801,4.75704180594221,False,True,True
SCARA5,0.8566800000000002,573,95.32,1,0,crossfit_oof_pu_bagging,0.8566800000000002,0.8492999999999998,False,False,-2.487079426615965,2.0130887645505362e-14,13.69613707503456,down,True,1.6927635330690194,4.179842959684984,False,True,True
CCN5,0.8563266666666663,574,95.31,1,0,crossfit_oof_pu_bagging,0.8563266666666663,0.8576000000000005,False,False,-1.958301919992944,7.656091626271604e-14,13.115992877667727,ns,False,2.828207980341706,4.786509900334647,False,True,True
TPSB2,0.8556799999999996,576,95.3,1,0,crossfit_oof_pu_bagging,0.8556799999999996,0.8719999999999993,False,False,-1.9821887706050203,1.8656317753459605e-14,13.729174069976455,ns,False,4.604976050650089,6.587164821255109,False,True,True
CAPN9,0.8553533333333332,578,95.28,1,0,crossfit_oof_pu_bagging,0.8553533333333332,0.8243666666666664,False,False,-1.6030509435885127,1.486827723918156e-08,7.827739349491554,ns,False,2.34699345230146,3.950044395889974,False,True,True
GALNT6,0.8550199999999999,579,95.27,1,0,crossfit_oof_pu_bagging,0.8550199999999999,0.8477333333333329,False,False,1.330690696308158,2.9799128265876937e-08,7.525796440449143,ns,False,4.689935865126059,3.359245168817902,False,True,True
RHBDL2,0.8548799999999999,582,95.25,1,0,crossfit_oof_pu_bagging,0.8548799999999999,0.8452666666666663,False,False,1.8563663801404169,2.881094566155437e-15,14.540442486639591,ns,False,3.246747339734245,1.3903809595938277,False,True,True
IRX6,0.8546399999999998,583,95.24,1,0,crossfit_oof_pu_bagging,0.8546399999999998,0.7835666666666664,False,False,-1.0519623535625235,1.2679655673822484e-05,4.896892539907699,ns,False,1.5197019322224603,2.5716642857849843,False,True,True
SLCO4C1,0.8545200000000002,584,95.23,1,0,crossfit_oof_pu_bagging,0.8545200000000002,0.8650999999999999,False,False,-1.930046705974725,6.583715422759454e-13,12.181528949514538,ns,False,2.8439717222821623,4.774018428256886,False,True,True
AQP4,0.8544933333333333,585,95.22,1,0,crossfit_oof_pu_bagging,0.8544933333333333,0.8869,False,False,-4.068646465811744,7.278674646941275e-18,17.137947692928844,down,True,4.408668065932205,8.477314531743948,False,True,True
FAM83D,0.8541733333333331,586,95.21,1,0,crossfit_oof_pu_bagging,0.8541733333333331,0.8379666666666665,False,False,1.9917491257290976,1.6943337210209174e-13,12.77100104564421,ns,False,4.168210348110134,2.1764612223810373,False,True,True
GJB5,0.8540799999999997,587,95.21,1,0,crossfit_oof_pu_bagging,0.8540799999999997,0.8167333333333336,False,False,1.0890295323046573,3.094323793953697e-05,4.509434243135139,ns,False,2.09406246542462,1.0050329331199628,False,True,True
VEGFD,0.8540466666666664,588,95.2,1,0,crossfit_oof_pu_bagging,0.8540466666666664,0.8334999999999991,False,False,-4.037444945646151,1.519448874624862e-23,22.8183139081815,down,True,2.235514896185441,6.27295984183159,False,True,True
PCSK9,0.8539,589,95.19,1,0,crossfit_oof_pu_bagging,0.8539,0.8384333333333337,False,False,-2.507378541303236,2.4737103531776417e-18,17.60665115328445,down,True,1.9783668434359825,4.485745384739217,False,True,True
SMOC1,0.8533533333333334,592,95.16,1,0,crossfit_oof_pu_bagging,0.8533533333333334,0.8431666666666667,False,False,1.651294555274341,8.532729640151928e-07,6.068912014785771,ns,False,2.8347752698157933,1.1834807145414523,False,True,True
PALM3,0.8524200000000001,593,95.16,1,0,crossfit_oof_pu_bagging,0.8524200000000001,0.8481333333333332,False,False,-1.052579213383308,7.048321356367787e-07,6.151914303217514,ns,False,2.649923357921715,3.702502571305024,False,True,True
LRRC4,0.8521133333333335,594,95.15,1,0,crossfit_oof_pu_bagging,0.8521133333333335,0.8248333333333336,False,False,-1.2830679921982804,2.779945001501759e-09,8.555963796089324,ns,False,2.659931258169468,3.9429992503677456,False,True,True
KCNK3,0.8516933333333332,598,95.12,1,0,crossfit_oof_pu_bagging,0.8516933333333332,0.8662666666666671,False,False,-2.719969914017822,1.27249936415506e-17,16.895342426000255,down,True,2.2549372247492467,4.974907138767068,False,True,True
BAIAP2L2,0.8511333333333333,600,95.1,1,0,crossfit_oof_pu_bagging,0.8511333333333333,0.8394999999999999,False,False,1.2542079611457575,4.2275642552624854e-08,7.373909782785487,ns,False,2.106696604142737,0.8524886429969808,False,True,True
MAP7D2,0.8508533333333336,601,95.09,1,0,crossfit_oof_pu_bagging,0.8508533333333336,0.8255666666666674,False,False,1.971789508250144,2.086564375426324e-11,10.680568211737734,ns,False,2.7263334603720013,0.7545439521218578,False,True,True
AC136428.1,0.8504799999999996,604,95.07,1,0,crossfit_oof_pu_bagging,0.8504799999999996,0.8036000000000003,False,False,1.4464923479603962,4.666579817837407e-08,7.3310013015382,ns,False,2.4200630883640835,0.9735707404036876,False,True,True
PPP1R14A,0.8501866666666664,605,95.06,1,0,crossfit_oof_pu_bagging,0.8501866666666664,0.8313666666666668,False,False,-1.868327272913062,7.531399355005811e-17,16.123124323175848,ns,False,4.031376495342339,5.899703768255401,False,True,True
