metric,estimate,ci_low,ci_high,n_boot,n_genes,n_positives
auroc,0.9385271377187195,0.9310550617676624,0.9449952020112776,1000,12222,432
auprc,0.3591667004735001,0.3187882278036343,0.40191570565585166,1000,12222,432
average_precision,0.3604878760538877,0.32080481856637816,0.4039768595733372,1000,12222,432
precision_at_10,0.7,0.4,1.0,1000,12222,432
recall_at_10,0.016203703703703703,0.009259259259259259,0.023148148148148147,1000,12222,432
ef_at_10,19.804166666666667,11.316666666666668,28.291666666666668,1000,12222,432
precision_at_50,0.58,0.44,0.7,1000,12222,432
recall_at_50,0.06712962962962964,0.05092592592592592,0.08101851851851852,1000,12222,432
ef_at_50,16.409166666666668,12.448333333333334,19.804166666666667,1000,12222,432
precision_at_100,0.58,0.47,0.67,1000,12222,432
recall_at_100,0.13425925925925927,0.1087962962962963,0.1550925925925926,1000,12222,432
ef_at_100,16.409166666666668,13.297083333333333,18.955416666666668,1000,12222,432
n_lcgene_in_top_10,7.0,,,0,12222,432
n_lcgene_in_top_50,29.0,,,0,12222,432
n_lcgene_in_top_100,58.0,,,0,12222,432
