sample_id,group,median,iqr,mean,fraction_zero,n_detected_genes
TCGA-38-4625-01A,tumor,3.736691450219357,3.048987364322105,3.799080131700579,0.0014727540500736377,10827
TCGA-38-4626-01A,tumor,3.8121952786828572,2.6575851355177775,3.8691202575105277,0.0006545573555882834,11408
TCGA-38-4627-01A,tumor,3.7517528877762443,2.720761125175611,3.876958457690401,0.0013091147111765667,11359
TCGA-38-4632-01A,tumor,3.5479308876505873,2.892960729800399,3.681746020037349,0.002454590083456063,10850
TCGA-44-2655-01A,tumor,3.6982629139068184,2.8112377958554458,3.7909333005313357,0.0009000163639338897,11179
TCGA-44-2657-01A,tumor,3.4529643626997286,2.3192225489926774,3.5387793534503142,0.0013909343806251023,11404
TCGA-44-2661-01A,tumor,3.4191882269259875,2.405429121834792,3.556609242895672,0.0006545573555882834,11316
TCGA-44-2662-01A,tumor,3.985454876054175,2.9235009614057867,3.959464557071271,0.005400098183603338,11005
TCGA-44-2662-01B,tumor,4.168517687550216,2.689807075367291,4.0824650830561025,0.005481917853051873,11483
TCGA-44-2665-01A,tumor,3.9847169327137193,2.609317192925515,4.026847135174453,0.0018818523973163149,11371
TCGA-44-2665-01B,tumor,3.8481771765193242,2.5506426618444906,3.839540591379551,0.011045655375552283,11367
TCGA-44-2668-01A,tumor,3.937471512185435,2.937382409474182,3.972985562519911,0.0012272950417280314,11116
TCGA-44-2668-01B,tumor,3.9449427566600663,2.447859369895635,3.868241013156435,0.0048273604974635904,11374
TCGA-44-3396-01A,tumor,3.5553682924492622,2.5784813532347153,3.5938064519410347,0.0013091147111765667,11000
TCGA-44-3398-01A,tumor,3.568567228029031,2.5847107698582,3.755160230861602,0.0006545573555882834,11373
TCGA-44-5645-01A,tumor,3.8441445406299954,2.434971727773607,3.802728589854591,0.0023727704140075272,11381
TCGA-44-5645-01B,tumor,4.1248864005019135,2.460040765753421,4.041256647635957,0.004090983472426772,11552
TCGA-44-6145-01A,tumor,3.703272382977328,2.710162715334126,3.7503342403763713,0.002045491736213386,11114
TCGA-44-6146-01A,tumor,3.853606486072815,3.117283589326831,3.8497911094760995,0.0025364097529045984,10891
TCGA-44-6146-01B,tumor,3.9867385722810367,2.8009345192739796,3.967474723275012,0.0048273604974635904,11341
TCGA-44-6147-01A,tumor,4.055534068480078,2.2932111716387693,4.0915662394474985,0.0006545573555882834,11842
TCGA-44-6147-01B,tumor,3.6132191839041097,2.6262910193298348,3.6533085608876137,0.006791032564228441,11319
TCGA-44-6148-01A,tumor,4.115803138613668,2.297885902006642,4.107129133339944,0.0009818360333824251,11728
TCGA-44-6776-01A,tumor,3.5849925510321743,2.9727396281392573,3.6530894068579167,0.0033546064473899523,10794
TCGA-44-6777-01A,tumor,3.662775150171731,2.6766902197508196,3.7171791660753843,0.0033546064473899523,11106
TCGA-44-6778-01A,tumor,3.9799430055180856,2.3523774751502855,3.9555016533997955,0.0013091147111765667,11562
TCGA-49-4490-01A,tumor,3.637302985951179,2.7286060284582287,3.7712084430399804,0.002454590083456063,11292
TCGA-49-4512-01A,tumor,3.2612524775445015,2.559154292422492,3.414461042539118,0.0013909343806251023,11017
TCGA-49-6742-01A,tumor,3.6112490881084005,2.8053148632150853,3.684604646555168,0.0013091147111765667,11008
TCGA-49-6743-01A,tumor,4.000982480856523,2.7949258397077457,4.00338724672267,0.0029455081001472753,11215
TCGA-49-6744-01A,tumor,3.764616857942036,2.5743648467808518,3.816469705387074,0.0009000163639338897,11400
TCGA-49-6745-01A,tumor,4.091966067142675,2.8424316524643256,4.068405654947336,0.001554573719522173,11312
TCGA-49-6761-01A,tumor,3.5880489636981174,2.894396418103308,3.6498191020091357,0.006136475208640157,10788
TCGA-50-5930-01A,tumor,3.2425339075908592,2.5779325310226677,3.3652231783036135,0.004009163802978236,10854
TCGA-50-5931-01A,tumor,4.125878356330307,2.8385603306828546,4.095448717624903,0.0033546064473899523,11268
TCGA-50-5932-01A,tumor,3.8989241349472206,3.105132519603808,3.860107753508101,0.003272786777941417,10757
TCGA-50-5933-01A,tumor,4.082851584687502,2.9395420794085965,4.033977815981099,0.008263786614302078,11035
TCGA-50-5935-01A,tumor,3.9200883280428487,2.7096635069514354,3.9361102532867833,0.0028636884306987398,11351
TCGA-50-5936-01A,tumor,3.9458651601636725,2.753634738630174,3.947483309087145,0.004009163802978236,11155
TCGA-50-5939-01A,tumor,3.767061492971443,2.794583498579177,3.7977033310956076,0.0028636884306987398,11056
TCGA-50-6595-01A,tumor,3.9355681405456973,2.892264077930368,3.964849423438624,0.004336442480772378,11162
TCGA-55-6968-01A,tumor,3.7964575445705964,2.61676747023276,3.730260511982332,0.004336442480772378,11039
TCGA-55-6969-01A,tumor,3.3730006787050373,2.5849139070470146,3.4127893688147486,0.002045491736213386,10850
TCGA-55-6970-01A,tumor,3.8487581080611077,2.7351578284939575,3.842935203465131,0.0013091147111765667,11099
TCGA-55-6971-01A,tumor,3.680543778012418,2.3619573826781823,3.7199436955940945,0.0019636720667648502,11421
TCGA-55-6972-01A,tumor,3.29570098576355,3.0541698709019567,3.3859871171181988,0.010309278350515464,10190
TCGA-55-6975-01A,tumor,3.726874800845699,2.826068483997691,3.726696006532142,0.008509245622647684,10933
TCGA-55-6978-01A,tumor,4.183117252013796,2.73433092362425,4.138439340123274,0.0013091147111765667,11420
TCGA-55-6979-01A,tumor,3.7120179264370874,2.4617711739166044,3.7662908176347547,0.0018818523973163149,11337
TCGA-55-6980-01A,tumor,3.81794552549932,2.58617003094674,3.8905549430434343,0.001718213058419244,11436
TCGA-55-6981-01A,tumor,3.6870942883111804,2.7211445360020594,3.7205804506270344,0.004418262150220913,11046
TCGA-55-6982-01A,tumor,3.6909980352733767,2.673853711784065,3.79275572704511,0.0022091310751104565,11351
TCGA-55-6983-01A,tumor,3.8683361211076885,2.5394069801463974,3.9482869876802242,8.181966944853542e-05,11551
TCGA-55-6984-01A,tumor,3.3472758774279345,2.8103662682013537,3.465316043769145,0.0026182294223531335,10762
TCGA-55-6985-01A,tumor,3.781144604687822,2.3979568380287737,3.8515370044545945,0.0010636557028309605,11572
TCGA-55-6986-01A,tumor,3.862500951899989,2.78027064095593,3.890767078109002,0.002127311405661921,11243
TCGA-73-4676-01A,tumor,3.6938548227084347,2.9636309105818786,3.7569711485638972,0.0019636720667648502,10868
TCGA-91-6828-01A,tumor,4.072603194145424,2.6937601868865784,4.024935823547824,0.004090983472426772,11286
TCGA-91-6829-01A,tumor,4.300185962080401,2.674015471800852,4.241417192291242,0.003436426116838488,11454
TCGA-91-6831-01A,tumor,3.8359543568685592,2.6451118925333743,3.7919458100049352,0.0048273604974635904,11063
TCGA-91-6835-01A,tumor,4.429294417584158,2.4198460701727686,4.419586620501012,0.0010636557028309605,11873
TCGA-91-6836-01A,tumor,3.947011511717681,3.179997267213348,3.8883250787814796,0.006300114547537228,10746
TCGA-91-6847-01A,tumor,4.030366701994417,3.1550533196326036,3.8519469919782794,0.009163802978235968,10445
TCGA-91-6849-01A,tumor,3.4172516621378253,2.757135095578298,3.510177629769253,0.0031909671084928816,10754
TCGA-38-4625-11A,normal,3.491301464931387,2.6564102224257855,3.627520057774232,0.000572737686139748,11119
TCGA-38-4626-11A,normal,3.5115439294852324,2.6598398400609757,3.6675390612927243,0.0004909180166912126,11205
TCGA-38-4627-11A,normal,3.5445533885547214,2.7775553046806842,3.7083481177779594,0.0014727540500736377,11125
TCGA-38-4632-11A,normal,3.40671352377685,2.73517857698918,3.5511049701974104,0.002045491736213386,10959
TCGA-44-2655-11A,normal,4.024235440252623,2.594325353526009,4.065471069075098,0.0012272950417280314,11579
TCGA-44-2657-11A,normal,3.833902076349901,2.520043447920859,3.900966596508961,0.0008181966944853543,11585
TCGA-44-2661-11A,normal,4.045451680894727,2.6275235719252703,4.0690678569379,0.0013909343806251023,11576
TCGA-44-2662-11A,normal,3.741946815120894,2.7926344689003164,3.8189812281163396,0.003027327769595811,11192
TCGA-44-2665-11A,normal,3.845610446049549,2.749688891832905,3.9030411358961485,0.0008181966944853543,11359
TCGA-44-2668-11A,normal,3.7327684647672053,2.866137341370804,3.80359165250207,0.0007363770250368188,11126
TCGA-44-3396-11A,normal,4.0252503214527415,2.5854177827781037,4.080602258309819,0.0007363770250368188,11698
TCGA-44-3398-11B,normal,4.093809401996634,2.4643611383495756,4.1342270114498305,0.0009000163639338897,11773
TCGA-44-5645-11A,normal,4.039914817682311,2.550747638987615,4.073515635197235,0.0016363933889707086,11623
TCGA-44-6145-11A,normal,3.757929981317244,2.631519206045147,3.8280737455962375,0.0010636557028309605,11415
TCGA-44-6146-11A,normal,4.105539800450867,2.6067041046138897,4.058566960896984,0.0033546064473899523,11464
TCGA-44-6147-11A,normal,3.793531779942747,2.79327333916105,3.8967101519243834,0.0012272950417280314,11396
TCGA-44-6148-11A,normal,4.164054096632326,2.306041697448055,4.156449702340115,0.00040909834724267715,11815
TCGA-44-6776-11A,normal,3.990614555999594,2.554404500837342,4.021033275477375,0.001718213058419244,11558
TCGA-44-6777-11A,normal,3.7302486189242536,2.583522101585839,3.8074484591761903,0.001554573719522173,11471
TCGA-44-6778-11A,normal,4.014042776971932,2.567681210605025,4.056875234467793,0.0006545573555882834,11635
TCGA-49-4490-11A,normal,3.456103007074785,2.7346501174229534,3.639956788022405,0.0016363933889707086,11137
TCGA-49-4512-11A,normal,3.2030601640128182,2.601083683943906,3.409642895607373,0.0013909343806251023,10982
TCGA-49-6742-11A,normal,3.719139622157734,2.524484708707487,3.805412899084375,0.0006545573555882834,11414
TCGA-49-6743-11A,normal,3.8051735523684327,2.719423850955639,3.8417987746715174,0.002700049091801669,11194
TCGA-49-6744-11A,normal,4.094557002124751,2.6221322959567956,4.092412262829019,0.0013091147111765667,11557
TCGA-49-6745-11A,normal,3.660939923015156,2.5886240245282397,3.79452439475882,0.0008181966944853543,11348
TCGA-49-6761-11A,normal,3.793927086712643,2.742042295294281,3.8193176518735115,0.0031909671084928816,11184
TCGA-50-5930-11A,normal,3.6381375566200576,2.7479211943258175,3.6744183847966587,0.004009163802978236,10905
TCGA-50-5931-11A,normal,3.684330627517899,2.82638364627541,3.7369531489749566,0.003272786777941417,11033
TCGA-50-5932-11A,normal,4.064024874913982,2.6377381169284666,4.0573389561996605,0.002454590083456063,11508
TCGA-50-5933-11A,normal,3.888548440295404,2.712364629703482,3.9619985426999413,0.0007363770250368188,11432
TCGA-50-5935-11A,normal,4.029806227460879,2.5465912401983886,4.071943061653685,0.0016363933889707086,11692
TCGA-50-5936-11A,normal,3.9932124016310686,2.7011684807425733,3.9854865932350774,0.001718213058419244,11366
TCGA-50-5939-11A,normal,3.9888391477609906,2.6822082881626845,3.983617913634836,0.001718213058419244,11345
TCGA-50-6595-11A,normal,4.042937573831313,2.53334036600311,4.0450739559348445,0.0012272950417280314,11603
TCGA-55-6968-11A,normal,3.6793506011600985,2.5229379889029553,3.7536316914802357,0.0018000327278677793,11443
TCGA-55-6969-11A,normal,3.770242332960061,2.4853465631388985,3.810391728112086,0.001718213058419244,11522
TCGA-55-6970-11A,normal,4.05529110391843,2.529757842601829,4.059589398557061,0.0014727540500736377,11664
TCGA-55-6971-11A,normal,3.9108621523546363,2.5227249448946365,3.8903122937286754,0.002290950744558992,11401
TCGA-55-6972-11A,normal,4.04975708512325,2.527828233362831,4.050976831760312,0.001718213058419244,11654
TCGA-55-6975-11A,normal,3.9034576640644056,2.5969553247315798,3.916622997295923,0.0037637047946326298,11430
TCGA-55-6978-11A,normal,4.076918184949342,2.451117210866685,4.092979923540192,0.0010636557028309605,11693
TCGA-55-6979-11A,normal,3.7248193311856186,2.5763055473263563,3.7819730769720956,0.0027818687612502046,11389
TCGA-55-6980-11A,normal,3.9848171740345943,2.3914455987649252,4.0034023674454895,0.002045491736213386,11659
TCGA-55-6981-11A,normal,4.183454751989931,2.4534025513252455,4.187338576770238,0.002127311405661921,11812
TCGA-55-6982-11A,normal,4.254151822289635,2.3882501763816433,4.24200334373286,0.001145475372279496,11825
TCGA-55-6983-11A,normal,3.7856603687511896,2.525248829337704,3.8481980486877565,0.0010636557028309605,11463
TCGA-55-6984-11A,normal,3.794301485393381,2.497559074633109,3.8393097355746018,0.0012272950417280314,11394
TCGA-55-6985-11A,normal,3.8608039237250673,2.35450545514921,3.924697325360472,0.00016363933889707084,11731
TCGA-55-6986-11A,normal,4.163615420988327,2.347547608659142,4.158902150520009,0.000572737686139748,11776
TCGA-73-4676-11A,normal,3.4048212016491375,2.7496996281435244,3.565280603196355,0.0018000327278677793,10973
TCGA-91-6828-11A,normal,4.005413458045574,2.5666026493175393,4.019248224023934,0.0007363770250368188,11516
TCGA-91-6829-11A,normal,3.543396882222967,2.475426953672287,3.6206888965992996,0.001145475372279496,11319
TCGA-91-6831-11A,normal,3.872316563013824,2.686671749108025,3.906388955417628,0.004909180166912126,11283
TCGA-91-6835-11A,normal,4.147815284542281,2.3061702227344982,4.161875234863647,0.0013091147111765667,11832
TCGA-91-6836-11A,normal,3.7863192944215607,2.511874476770716,3.8291408327876164,0.001554573719522173,11441
TCGA-91-6847-11A,normal,3.9107421980057806,2.535990165526466,3.9167205599940287,0.002045491736213386,11423
TCGA-91-6849-11A,normal,4.113517138923301,2.505412142526658,4.123554895328364,0.0018818523973163149,11695
