sample_id,group,PC1,PC2
TCGA-38-4625-01A,tumor,-57.20921918903146,22.537580142629725
TCGA-38-4626-01A,tumor,7.161937914103137,11.561917206033437
TCGA-38-4627-01A,tumor,-31.938974055525847,9.688671923803602
TCGA-38-4632-01A,tumor,-61.46719450225818,33.35570896460746
TCGA-44-2655-01A,tumor,-18.789110314837707,25.21794645482994
TCGA-44-2657-01A,tumor,-24.206024475827178,12.029030889702328
TCGA-44-2661-01A,tumor,-18.037325714027467,14.553618152812188
TCGA-44-2662-01A,tumor,-72.38354863349238,-1.181264431872212
TCGA-44-2662-01B,tumor,-53.9996106284892,-97.75587648117451
TCGA-44-2665-01A,tumor,-54.456812735197495,-4.237066820249265
TCGA-44-2665-01B,tumor,-46.4764283700939,-86.38785211486316
TCGA-44-2668-01A,tumor,-69.08811426989607,1.2609401759492138
TCGA-44-2668-01B,tumor,-60.27566858466914,-62.340879071907544
TCGA-44-3396-01A,tumor,-61.03690844649948,8.350046450483198
TCGA-44-3398-01A,tumor,-29.757227040757815,13.45079728415987
TCGA-44-5645-01A,tumor,-13.85734834002087,-39.6832321796658
TCGA-44-5645-01B,tumor,-8.99275386503988,-102.75023752802785
TCGA-44-6145-01A,tumor,-50.64145579497653,9.175190794153997
TCGA-44-6146-01A,tumor,-25.337978307470056,-2.8421252311471688
TCGA-44-6146-01B,tumor,-22.576928577483496,-93.81411024653413
TCGA-44-6147-01A,tumor,-11.86681021156929,-10.130498388200547
TCGA-44-6147-01B,tumor,-27.471514118847683,-96.28261885065616
TCGA-44-6148-01A,tumor,18.793106389405615,-17.540140211835624
TCGA-44-6776-01A,tumor,-17.787404025194405,23.742335953894706
TCGA-44-6777-01A,tumor,-34.94882540070103,6.05069825294749
TCGA-44-6778-01A,tumor,-7.222446114219984,-9.781124357269213
TCGA-49-4490-01A,tumor,-46.74694447334075,24.231478551982462
TCGA-49-4512-01A,tumor,-43.36140298573867,24.377067137463207
TCGA-49-6742-01A,tumor,-43.95471394684866,26.9854167010525
TCGA-49-6743-01A,tumor,-61.58367715037745,5.025727471946988
TCGA-49-6744-01A,tumor,-26.50000869938538,8.564714277500439
TCGA-49-6745-01A,tumor,-37.48067210000764,1.4124284842306576
TCGA-49-6761-01A,tumor,-65.7871572967013,25.55766526432547
TCGA-50-5930-01A,tumor,-53.49857889765564,15.759409472538032
TCGA-50-5931-01A,tumor,-69.47924600133196,-4.506107403609505
TCGA-50-5932-01A,tumor,-40.20170839323198,16.545276911476883
TCGA-50-5933-01A,tumor,-62.61425963557485,2.433402693282042
TCGA-50-5935-01A,tumor,-29.154913474553048,11.595817894238746
TCGA-50-5936-01A,tumor,-59.17646524594661,10.564592534795919
TCGA-50-5939-01A,tumor,-44.736091145683424,10.687127645133627
TCGA-50-6595-01A,tumor,-60.31466192454296,6.456044052612621
TCGA-55-6968-01A,tumor,-71.95127088960677,-0.3399598486760604
TCGA-55-6969-01A,tumor,-67.12024077451713,5.640089219564245
TCGA-55-6970-01A,tumor,-37.00940648002035,11.234703604944276
TCGA-55-6971-01A,tumor,-35.48590086161136,1.2264968870968376
TCGA-55-6972-01A,tumor,-38.544925375779144,31.32999190521845
TCGA-55-6975-01A,tumor,-68.63161656263227,8.427321486030946
TCGA-55-6978-01A,tumor,-53.21845298910798,-9.702116751031962
TCGA-55-6979-01A,tumor,-50.414623290446876,5.902960270899758
TCGA-55-6980-01A,tumor,-33.03215693190482,8.551788627560082
TCGA-55-6981-01A,tumor,-57.69953003332147,9.170425947179181
TCGA-55-6982-01A,tumor,-52.08294267341038,9.032310561209583
TCGA-55-6983-01A,tumor,-31.119624432459936,11.514298016443583
TCGA-55-6984-01A,tumor,-57.06378561988133,11.56967517570332
TCGA-55-6985-01A,tumor,-33.69097685828414,1.9274936170692052
TCGA-55-6986-01A,tumor,-31.779507184768057,11.955980056682538
TCGA-73-4676-01A,tumor,-49.17188269856217,21.61688098713447
TCGA-91-6828-01A,tumor,-28.92618159716229,-7.292278643578642
TCGA-91-6829-01A,tumor,-44.126924879336755,-12.56358888348929
TCGA-91-6831-01A,tumor,-67.61788190780159,2.235540663775546
TCGA-91-6835-01A,tumor,-20.347092781707595,-15.408363917227987
TCGA-91-6836-01A,tumor,-82.38496201918217,8.152849638695079
TCGA-91-6847-01A,tumor,-86.82770545946155,-7.754500935075661
TCGA-91-6849-01A,tumor,-26.747811432357796,22.09442063160677
TCGA-38-4625-11A,normal,48.635813533807365,23.30651717043652
TCGA-38-4626-11A,normal,38.236389107803674,21.333483335199062
TCGA-38-4627-11A,normal,35.92499666548952,24.72772635864399
TCGA-38-4632-11A,normal,22.92777971291916,19.56012032295862
TCGA-44-2655-11A,normal,56.76741080214479,2.415045905137919
TCGA-44-2657-11A,normal,31.612030668288455,14.540948766261474
TCGA-44-2661-11A,normal,41.91150663781784,4.759277689458054
TCGA-44-2662-11A,normal,51.880815814159114,12.762380933888535
TCGA-44-2665-11A,normal,42.41386685691699,12.839829163489677
TCGA-44-2668-11A,normal,27.595210831171023,18.734867132662274
TCGA-44-3396-11A,normal,53.65997124375328,-2.2093814520035227
TCGA-44-3398-11B,normal,53.01761786355685,-1.1904980404357608
TCGA-44-5645-11A,normal,59.59916070903811,4.253627792155727
TCGA-44-6145-11A,normal,47.365769428368374,5.380794806899554
TCGA-44-6146-11A,normal,51.009268038166084,-8.73845782919584
TCGA-44-6147-11A,normal,43.289162056916574,-2.4960519355746578
TCGA-44-6148-11A,normal,56.64267699811786,-17.324184518557722
TCGA-44-6776-11A,normal,59.527147867185406,-8.79156123895819
TCGA-44-6777-11A,normal,42.665675443963984,10.59154896276854
TCGA-44-6778-11A,normal,53.92015386754014,-11.634617932847748
TCGA-49-4490-11A,normal,40.9129339045724,16.809781718336676
TCGA-49-4512-11A,normal,28.744386108040363,17.415296499203034
TCGA-49-6742-11A,normal,37.30341050287074,6.40253079829182
TCGA-49-6743-11A,normal,44.05234518409812,4.67530485457787
TCGA-49-6744-11A,normal,55.55392737970116,-14.3302263344626
TCGA-49-6745-11A,normal,50.55102784804404,11.794513599493106
TCGA-49-6761-11A,normal,47.09198968499459,14.730892788569081
TCGA-50-5930-11A,normal,44.67464633959558,13.15304466790793
TCGA-50-5931-11A,normal,51.28219208590564,11.521046124519218
TCGA-50-5932-11A,normal,58.98218753321712,-6.305982518449
TCGA-50-5933-11A,normal,54.91985615566368,-6.305474615437602
TCGA-50-5935-11A,normal,52.925622259602044,-4.8021299991610435
TCGA-50-5936-11A,normal,56.07659297398102,-1.5995205067534908
TCGA-50-5939-11A,normal,56.79060511360972,-3.8788234686833034
TCGA-50-6595-11A,normal,59.283411164836274,-6.032905988574525
TCGA-55-6968-11A,normal,29.337520413391655,16.031488755125697
TCGA-55-6969-11A,normal,34.30435398365044,2.8947885567638414
TCGA-55-6970-11A,normal,47.96572288535894,-10.877185312254447
TCGA-55-6971-11A,normal,41.96523700713865,-2.238750837205967
TCGA-55-6972-11A,normal,56.18150516479199,-2.193794770361899
TCGA-55-6975-11A,normal,40.77026515862656,-1.9343190352401802
TCGA-55-6978-11A,normal,56.50112412787279,-7.60310362104714
TCGA-55-6979-11A,normal,33.3941723862443,3.732677145061423
TCGA-55-6980-11A,normal,54.64195976252384,-4.6402978022504335
TCGA-55-6981-11A,normal,53.3685251196578,-9.576095680360998
TCGA-55-6982-11A,normal,51.944216025685414,-14.342555595380585
TCGA-55-6983-11A,normal,36.267259822541206,-0.18144967493421055
TCGA-55-6984-11A,normal,50.467125574278874,0.9980277089244809
TCGA-55-6985-11A,normal,42.59935063898009,-5.369683689060009
TCGA-55-6986-11A,normal,56.55873773276804,-14.055447203125889
TCGA-73-4676-11A,normal,43.290578066935126,23.03988699982368
TCGA-91-6828-11A,normal,56.148905832858276,-7.412223813898922
TCGA-91-6829-11A,normal,29.951632847997406,11.372028546636484
TCGA-91-6831-11A,normal,50.252624983686914,-11.685053472227555
TCGA-91-6835-11A,normal,32.60126712633793,-12.781873159953117
TCGA-91-6836-11A,normal,48.42268832558081,-0.31778175271962084
TCGA-91-6847-11A,normal,55.3214092754095,0.16215914496125475
TCGA-91-6849-11A,normal,63.45275186868884,-9.550141188347917
